country_name,country_code,year,value
1.FCKaiserslautern,AFG,63/64,48
1.FCKoeln,ALB,63/64,78
1.FCNuernberg,DZA,63/64,45
1.FCSaarbruecken,ASM,63/64,44
1.FSVMainz05,AND,63/64,0
1860Muenchen,AGO,63/64,66
1899Hoffenheim,ATG,63/64,0
AlemanniaAachen,ARG,63/64,0
ArminiaBielefeld,ARM,63/64,0
Bayer04Leverkusen,ABW,63/64,0
BayerUerdingen,AUS,63/64,0
BayernMuenchen,AUT,63/64,0
Blau-Wei§90Berlin,AZE,63/64,0
BorussiaDortmund,BHS,63/64,73
BorussiaMoenchengladbach,BHR,63/64,0
BorussiaNeunkirchen,BGD,63/64,0
Darmstadt98,BRB,63/64,0
DynamoDresden,BLR,63/64,0
EintrachtBraunschweig,BEL,63/64,36
EintrachtFrankfurt,BLZ,63/64,65
EnergieCottbus,BEN,63/64,0
FCAugsburg,BMU,63/64,0
FCHomburg,BTN,63/64,0
FCIngolstadt04,BOL,63/64,0
FCSt.Pauli,BIH,63/64,0
FortunaDuesseldorf,BWA,63/64,0
FortunaKoeln,BRA,63/64,0
HamburgerSV,VGB,63/64,69
Hannover96,BRN,63/64,0
HansaRostock,BGR,63/64,0
HerthaBSCBerlin,BFA,63/64,45
KarlsruherSC,BDI,63/64,42
KickersOffenbach,CPV,63/64,0
MeidericherSV,KHM,63/64,60
MSVDuisburg,CMR,63/64,0
Preu§enMuenster,CAN,63/64,34
RBLeipzig,CYM,63/64,0
Rot-Wei§Essen,CAF,63/64,0
Rot-Wei§Oberhausen,TCD,63/64,0
SCFreiburg,CHI,63/64,0
SCPaderborn07,CHL,63/64,31
Schalke04,CHN,63/64,51
SpVggGreutherFuerth,COL,63/64,0
SpVggUnterhaching,COM,63/64,0
SSVUlm,COD,63/64,0
StuttgarterKickers,COG,63/64,0
SVDarmstadt98,CRI,63/64,0
TasmaniaBerlin,CIV,63/64,0
TennisBorussiaBerlin,HRV,63/64,0
VfBLeipzig,CUB,63/64,0
VfBStuttgart,CUW,63/64,48
VfLBochum,CYP,63/64,0
VfLWolfsburg,CZE,63/64,0
WaldhofMannheim,DNK,63/64,0
Wattenscheid09,DJI,63/64,0
WerderBremen,DMA,63/64,53
1.FCKaiserslautern,AFG,64/65,89
1.FCKoeln,ALB,64/65,144
1.FCNuernberg,DZA,64/65,89
1.FCSaarbruecken,ASM,64/65,44
1.FSVMainz05,AND,64/65,0
1860Muenchen,AGO,64/65,136
1899Hoffenheim,ATG,64/65,0
AlemanniaAachen,ARG,64/65,0
ArminiaBielefeld,ARM,64/65,0
Bayer04Leverkusen,ABW,64/65,0
BayerUerdingen,AUS,64/65,0
BayernMuenchen,AUT,64/65,0
Blau-Wei§90Berlin,AZE,64/65,0
BorussiaDortmund,BHS,64/65,140
BorussiaMoenchengladbach,BHR,64/65,0
BorussiaNeunkirchen,BGD,64/65,44
Darmstadt98,BRB,64/65,0
DynamoDresden,BLR,64/65,0
EintrachtBraunschweig,BEL,64/65,78
EintrachtFrankfurt,BLZ,64/65,115
EnergieCottbus,BEN,64/65,0
FCAugsburg,BMU,64/65,0
FCHomburg,BTN,64/65,0
FCIngolstadt04,BOL,64/65,0
FCSt.Pauli,BIH,64/65,0
FortunaDuesseldorf,BWA,64/65,0
FortunaKoeln,BRA,64/65,0
HamburgerSV,VGB,64/65,115
Hannover96,BRN,64/65,48
HansaRostock,BGR,64/65,0
HerthaBSCBerlin,BFA,64/65,85
KarlsruherSC,BDI,64/65,89
KickersOffenbach,CPV,64/65,0
MeidericherSV,KHM,64/65,106
MSVDuisburg,CMR,64/65,0
Preu§enMuenster,CAN,64/65,34
RBLeipzig,CYM,64/65,0
Rot-Wei§Essen,CAF,64/65,0
Rot-Wei§Oberhausen,TCD,64/65,0
SCFreiburg,CHI,64/65,0
SCPaderborn07,CHL,64/65,31
Schalke04,CHN,64/65,96
SpVggGreutherFuerth,COL,64/65,0
SpVggUnterhaching,COM,64/65,0
SSVUlm,COD,64/65,0
StuttgarterKickers,COG,64/65,0
SVDarmstadt98,CRI,64/65,0
TasmaniaBerlin,CIV,64/65,0
TennisBorussiaBerlin,HRV,64/65,0
VfBLeipzig,CUB,64/65,0
VfBStuttgart,CUW,64/65,94
VfLBochum,CYP,64/65,0
VfLWolfsburg,CZE,64/65,0
WaldhofMannheim,DNK,64/65,0
Wattenscheid09,DJI,64/65,0
WerderBremen,DMA,64/65,107
1.FCKaiserslautern,AFG,65/66,131
1.FCKoeln,ALB,65/66,218
1.FCNuernberg,DZA,65/66,143
1.FCSaarbruecken,ASM,65/66,44
1.FSVMainz05,AND,65/66,0
1860Muenchen,AGO,65/66,216
1899Hoffenheim,ATG,65/66,0
AlemanniaAachen,ARG,65/66,0
ArminiaBielefeld,ARM,65/66,0
Bayer04Leverkusen,ABW,65/66,0
BayerUerdingen,AUS,65/66,0
BayernMuenchen,AUT,65/66,71
Blau-Wei§90Berlin,AZE,65/66,0
BorussiaDortmund,BHS,65/66,210
BorussiaMoenchengladbach,BHR,65/66,57
BorussiaNeunkirchen,BGD,65/66,76
Darmstadt98,BRB,65/66,0
DynamoDresden,BLR,65/66,0
EintrachtBraunschweig,BEL,65/66,127
EintrachtFrankfurt,BLZ,65/66,179
EnergieCottbus,BEN,65/66,0
FCAugsburg,BMU,65/66,0
FCHomburg,BTN,65/66,0
FCIngolstadt04,BOL,65/66,0
FCSt.Pauli,BIH,65/66,0
FortunaDuesseldorf,BWA,65/66,0
FortunaKoeln,BRA,65/66,0
HamburgerSV,VGB,65/66,179
Hannover96,BRN,65/66,107
HansaRostock,BGR,65/66,0
HerthaBSCBerlin,BFA,65/66,85
KarlsruherSC,BDI,65/66,124
KickersOffenbach,CPV,65/66,0
MeidericherSV,KHM,65/66,176
MSVDuisburg,CMR,65/66,0
Preu§enMuenster,CAN,65/66,34
RBLeipzig,CYM,65/66,0
Rot-Wei§Essen,CAF,65/66,0
Rot-Wei§Oberhausen,TCD,65/66,0
SCFreiburg,CHI,65/66,0
SCPaderborn07,CHL,65/66,31
Schalke04,CHN,65/66,129
SpVggGreutherFuerth,COL,65/66,0
SpVggUnterhaching,COM,65/66,0
SSVUlm,COD,65/66,0
StuttgarterKickers,COG,65/66,0
SVDarmstadt98,CRI,65/66,0
TasmaniaBerlin,CIV,65/66,15
TennisBorussiaBerlin,HRV,65/66,0
VfBLeipzig,CUB,65/66,0
VfBStuttgart,CUW,65/66,136
VfLBochum,CYP,65/66,0
VfLWolfsburg,CZE,65/66,0
WaldhofMannheim,DNK,65/66,0
Wattenscheid09,DJI,65/66,0
WerderBremen,DMA,65/66,183
1.FCKaiserslautern,AFG,66/67,174
1.FCKoeln,ALB,66/67,266
1.FCNuernberg,DZA,66/67,186
1.FCSaarbruecken,ASM,66/67,44
1.FSVMainz05,AND,66/67,0
1860Muenchen,AGO,66/67,276
1899Hoffenheim,ATG,66/67,0
AlemanniaAachen,ARG,66/67,0
ArminiaBielefeld,ARM,66/67,0
Bayer04Leverkusen,ABW,66/67,0
BayerUerdingen,AUS,66/67,0
BayernMuenchen,AUT,66/67,133
Blau-Wei§90Berlin,AZE,66/67,0
BorussiaDortmund,BHS,66/67,280
BorussiaMoenchengladbach,BHR,66/67,127
BorussiaNeunkirchen,BGD,66/67,76
Darmstadt98,BRB,66/67,0
DynamoDresden,BLR,66/67,0
EintrachtBraunschweig,BEL,66/67,176
EintrachtFrankfurt,BLZ,66/67,245
EnergieCottbus,BEN,66/67,0
FCAugsburg,BMU,66/67,0
FCHomburg,BTN,66/67,0
FCIngolstadt04,BOL,66/67,0
FCSt.Pauli,BIH,66/67,0
FortunaDuesseldorf,BWA,66/67,44
FortunaKoeln,BRA,66/67,0
HamburgerSV,VGB,66/67,216
Hannover96,BRN,66/67,147
HansaRostock,BGR,66/67,0
HerthaBSCBerlin,BFA,66/67,85
KarlsruherSC,BDI,66/67,178
KickersOffenbach,CPV,66/67,0
MeidericherSV,KHM,66/67,176
MSVDuisburg,CMR,66/67,40
Preu§enMuenster,CAN,66/67,34
RBLeipzig,CYM,66/67,0
Rot-Wei§Essen,CAF,66/67,35
Rot-Wei§Oberhausen,TCD,66/67,0
SCFreiburg,CHI,66/67,0
SCPaderborn07,CHL,66/67,31
Schalke04,CHN,66/67,166
SpVggGreutherFuerth,COL,66/67,0
SpVggUnterhaching,COM,66/67,0
SSVUlm,COD,66/67,0
StuttgarterKickers,COG,66/67,0
SVDarmstadt98,CRI,66/67,0
TasmaniaBerlin,CIV,66/67,15
TennisBorussiaBerlin,HRV,66/67,0
VfBLeipzig,CUB,66/67,0
VfBStuttgart,CUW,66/67,184
VfLBochum,CYP,66/67,0
VfLWolfsburg,CZE,66/67,0
WaldhofMannheim,DNK,66/67,0
Wattenscheid09,DJI,66/67,0
WerderBremen,DMA,66/67,232
1.FCKaiserslautern,AFG,67/68,213
1.FCKoeln,ALB,67/68,334
1.FCNuernberg,DZA,67/68,257
1.FCSaarbruecken,ASM,67/68,44
1.FSVMainz05,AND,67/68,0
1860Muenchen,AGO,67/68,331
1899Hoffenheim,ATG,67/68,0
AlemanniaAachen,ARG,67/68,52
ArminiaBielefeld,ARM,67/68,0
Bayer04Leverkusen,ABW,67/68,0
BayerUerdingen,AUS,67/68,0
BayernMuenchen,AUT,67/68,201
Blau-Wei§90Berlin,AZE,67/68,0
BorussiaDortmund,BHS,67/68,340
BorussiaMoenchengladbach,BHR,67/68,204
BorussiaNeunkirchen,BGD,67/68,109
Darmstadt98,BRB,67/68,0
DynamoDresden,BLR,67/68,0
EintrachtBraunschweig,BEL,67/68,213
EintrachtFrankfurt,BLZ,67/68,303
EnergieCottbus,BEN,67/68,0
FCAugsburg,BMU,67/68,0
FCHomburg,BTN,67/68,0
FCIngolstadt04,BOL,67/68,0
FCSt.Pauli,BIH,67/68,0
FortunaDuesseldorf,BWA,67/68,44
FortunaKoeln,BRA,67/68,0
HamburgerSV,VGB,67/68,267
Hannover96,BRN,67/68,195
HansaRostock,BGR,67/68,0
HerthaBSCBerlin,BFA,67/68,85
KarlsruherSC,BDI,67/68,210
KickersOffenbach,CPV,67/68,0
MeidericherSV,KHM,67/68,176
MSVDuisburg,CMR,67/68,109
Preu§enMuenster,CAN,67/68,34
RBLeipzig,CYM,67/68,0
Rot-Wei§Essen,CAF,67/68,35
Rot-Wei§Oberhausen,TCD,67/68,0
SCFreiburg,CHI,67/68,0
SCPaderborn07,CHL,67/68,31
Schalke04,CHN,67/68,208
SpVggGreutherFuerth,COL,67/68,0
SpVggUnterhaching,COM,67/68,0
SSVUlm,COD,67/68,0
StuttgarterKickers,COG,67/68,0
SVDarmstadt98,CRI,67/68,0
TasmaniaBerlin,CIV,67/68,15
TennisBorussiaBerlin,HRV,67/68,0
VfBLeipzig,CUB,67/68,0
VfBStuttgart,CUW,67/68,249
VfLBochum,CYP,67/68,0
VfLWolfsburg,CZE,67/68,0
WaldhofMannheim,DNK,67/68,0
Wattenscheid09,DJI,67/68,0
WerderBremen,DMA,67/68,300
1.FCKaiserslautern,AFG,68/69,258
1.FCKoeln,ALB,68/69,381
1.FCNuernberg,DZA,68/69,302
1.FCSaarbruecken,ASM,68/69,44
1.FSVMainz05,AND,68/69,0
1860Muenchen,AGO,68/69,375
1899Hoffenheim,ATG,68/69,0
AlemanniaAachen,ARG,68/69,109
ArminiaBielefeld,ARM,68/69,0
Bayer04Leverkusen,ABW,68/69,0
BayerUerdingen,AUS,68/69,0
BayernMuenchen,AUT,68/69,262
Blau-Wei§90Berlin,AZE,68/69,0
BorussiaDortmund,BHS,68/69,389
BorussiaMoenchengladbach,BHR,68/69,265
BorussiaNeunkirchen,BGD,68/69,109
Darmstadt98,BRB,68/69,0
DynamoDresden,BLR,68/69,0
EintrachtBraunschweig,BEL,68/69,259
EintrachtFrankfurt,BLZ,68/69,349
EnergieCottbus,BEN,68/69,0
FCAugsburg,BMU,68/69,0
FCHomburg,BTN,68/69,0
FCIngolstadt04,BOL,68/69,0
FCSt.Pauli,BIH,68/69,0
FortunaDuesseldorf,BWA,68/69,44
FortunaKoeln,BRA,68/69,0
HamburgerSV,VGB,68/69,322
Hannover96,BRN,68/69,242
HansaRostock,BGR,68/69,0
HerthaBSCBerlin,BFA,68/69,116
KarlsruherSC,BDI,68/69,210
KickersOffenbach,CPV,68/69,42
MeidericherSV,KHM,68/69,176
MSVDuisburg,CMR,68/69,142
Preu§enMuenster,CAN,68/69,34
RBLeipzig,CYM,68/69,0
Rot-Wei§Essen,CAF,68/69,35
Rot-Wei§Oberhausen,TCD,68/69,0
SCFreiburg,CHI,68/69,0
SCPaderborn07,CHL,68/69,31
Schalke04,CHN,68/69,253
SpVggGreutherFuerth,COL,68/69,0
SpVggUnterhaching,COM,68/69,0
SSVUlm,COD,68/69,0
StuttgarterKickers,COG,68/69,0
SVDarmstadt98,CRI,68/69,0
TasmaniaBerlin,CIV,68/69,15
TennisBorussiaBerlin,HRV,68/69,0
VfBLeipzig,CUB,68/69,0
VfBStuttgart,CUW,68/69,309
VfLBochum,CYP,68/69,0
VfLWolfsburg,CZE,68/69,0
WaldhofMannheim,DNK,68/69,0
Wattenscheid09,DJI,68/69,0
WerderBremen,DMA,68/69,359
1.FCKaiserslautern,AFG,69/70,302
1.FCKoeln,ALB,69/70,464
1.FCNuernberg,DZA,69/70,302
1.FCSaarbruecken,ASM,69/70,44
1.FSVMainz05,AND,69/70,0
1860Muenchen,AGO,69/70,416
1899Hoffenheim,ATG,69/70,0
AlemanniaAachen,ARG,69/70,140
ArminiaBielefeld,ARM,69/70,0
Bayer04Leverkusen,ABW,69/70,0
BayerUerdingen,AUS,69/70,0
BayernMuenchen,AUT,69/70,350
Blau-Wei§90Berlin,AZE,69/70,0
BorussiaDortmund,BHS,69/70,449
BorussiaMoenchengladbach,BHR,69/70,336
BorussiaNeunkirchen,BGD,69/70,109
Darmstadt98,BRB,69/70,0
DynamoDresden,BLR,69/70,0
EintrachtBraunschweig,BEL,69/70,299
EintrachtFrankfurt,BLZ,69/70,403
EnergieCottbus,BEN,69/70,0
FCAugsburg,BMU,69/70,0
FCHomburg,BTN,69/70,0
FCIngolstadt04,BOL,69/70,0
FCSt.Pauli,BIH,69/70,0
FortunaDuesseldorf,BWA,69/70,44
FortunaKoeln,BRA,69/70,0
HamburgerSV,VGB,69/70,379
Hannover96,BRN,69/70,291
HansaRostock,BGR,69/70,0
HerthaBSCBerlin,BFA,69/70,183
KarlsruherSC,BDI,69/70,210
KickersOffenbach,CPV,69/70,42
MeidericherSV,KHM,69/70,176
MSVDuisburg,CMR,69/70,177
Preu§enMuenster,CAN,69/70,34
RBLeipzig,CYM,69/70,0
Rot-Wei§Essen,CAF,69/70,76
Rot-Wei§Oberhausen,TCD,69/70,50
SCFreiburg,CHI,69/70,0
SCPaderborn07,CHL,69/70,31
Schalke04,CHN,69/70,296
SpVggGreutherFuerth,COL,69/70,0
SpVggUnterhaching,COM,69/70,0
SSVUlm,COD,69/70,0
StuttgarterKickers,COG,69/70,0
SVDarmstadt98,CRI,69/70,0
TasmaniaBerlin,CIV,69/70,15
TennisBorussiaBerlin,HRV,69/70,0
VfBLeipzig,CUB,69/70,0
VfBStuttgart,CUW,69/70,368
VfLBochum,CYP,69/70,0
VfLWolfsburg,CZE,69/70,0
WaldhofMannheim,DNK,69/70,0
Wattenscheid09,DJI,69/70,0
WerderBremen,DMA,69/70,397
1.FCKaiserslautern,AFG,70/71,356
1.FCKoeln,ALB,70/71,510
1.FCNuernberg,DZA,70/71,302
1.FCSaarbruecken,ASM,70/71,44
1.FSVMainz05,AND,70/71,0
1860Muenchen,AGO,70/71,416
1899Hoffenheim,ATG,70/71,0
AlemanniaAachen,ARG,70/71,140
ArminiaBielefeld,ARM,70/71,34
Bayer04Leverkusen,ABW,70/71,0
BayerUerdingen,AUS,70/71,0
BayernMuenchen,AUT,70/71,424
Blau-Wei§90Berlin,AZE,70/71,0
BorussiaDortmund,BHS,70/71,503
BorussiaMoenchengladbach,BHR,70/71,413
BorussiaNeunkirchen,BGD,70/71,109
Darmstadt98,BRB,70/71,0
DynamoDresden,BLR,70/71,0
EintrachtBraunschweig,BEL,70/71,351
EintrachtFrankfurt,BLZ,70/71,442
EnergieCottbus,BEN,70/71,0
FCAugsburg,BMU,70/71,0
FCHomburg,BTN,70/71,0
FCIngolstadt04,BOL,70/71,0
FCSt.Pauli,BIH,70/71,0
FortunaDuesseldorf,BWA,70/71,44
FortunaKoeln,BRA,70/71,0
HamburgerSV,VGB,70/71,433
Hannover96,BRN,70/71,344
HansaRostock,BGR,70/71,0
HerthaBSCBerlin,BFA,70/71,244
KarlsruherSC,BDI,70/71,210
KickersOffenbach,CPV,70/71,91
MeidericherSV,KHM,70/71,176
MSVDuisburg,CMR,70/71,220
Preu§enMuenster,CAN,70/71,34
RBLeipzig,CYM,70/71,0
Rot-Wei§Essen,CAF,70/71,124
Rot-Wei§Oberhausen,TCD,70/71,104
SCFreiburg,CHI,70/71,0
SCPaderborn07,CHL,70/71,31
Schalke04,CHN,70/71,340
SpVggGreutherFuerth,COL,70/71,0
SpVggUnterhaching,COM,70/71,0
SSVUlm,COD,70/71,0
StuttgarterKickers,COG,70/71,0
SVDarmstadt98,CRI,70/71,0
TasmaniaBerlin,CIV,70/71,15
TennisBorussiaBerlin,HRV,70/71,0
VfBLeipzig,CUB,70/71,0
VfBStuttgart,CUW,70/71,417
VfLBochum,CYP,70/71,0
VfLWolfsburg,CZE,70/71,0
WaldhofMannheim,DNK,70/71,0
Wattenscheid09,DJI,70/71,0
WerderBremen,DMA,70/71,438
1.FCKaiserslautern,AFG,71/72,415
1.FCKoeln,ALB,71/72,574
1.FCNuernberg,DZA,71/72,302
1.FCSaarbruecken,ASM,71/72,44
1.FSVMainz05,AND,71/72,0
1860Muenchen,AGO,71/72,416
1899Hoffenheim,ATG,71/72,0
AlemanniaAachen,ARG,71/72,140
ArminiaBielefeld,ARM,71/72,34
Bayer04Leverkusen,ABW,71/72,0
BayerUerdingen,AUS,71/72,0
BayernMuenchen,AUT,71/72,525
Blau-Wei§90Berlin,AZE,71/72,0
BorussiaDortmund,BHS,71/72,537
BorussiaMoenchengladbach,BHR,71/72,495
BorussiaNeunkirchen,BGD,71/72,109
Darmstadt98,BRB,71/72,0
DynamoDresden,BLR,71/72,0
EintrachtBraunschweig,BEL,71/72,394
EintrachtFrankfurt,BLZ,71/72,513
EnergieCottbus,BEN,71/72,0
FCAugsburg,BMU,71/72,0
FCHomburg,BTN,71/72,0
FCIngolstadt04,BOL,71/72,0
FCSt.Pauli,BIH,71/72,0
FortunaDuesseldorf,BWA,71/72,84
FortunaKoeln,BRA,71/72,0
HamburgerSV,VGB,71/72,485
Hannover96,BRN,71/72,398
HansaRostock,BGR,71/72,0
HerthaBSCBerlin,BFA,71/72,290
KarlsruherSC,BDI,71/72,210
KickersOffenbach,CPV,71/72,91
MeidericherSV,KHM,71/72,176
MSVDuisburg,CMR,71/72,256
Preu§enMuenster,CAN,71/72,34
RBLeipzig,CYM,71/72,0
Rot-Wei§Essen,CAF,71/72,124
Rot-Wei§Oberhausen,TCD,71/72,137
SCFreiburg,CHI,71/72,0
SCPaderborn07,CHL,71/72,31
Schalke04,CHN,71/72,416
SpVggGreutherFuerth,COL,71/72,0
SpVggUnterhaching,COM,71/72,0
SSVUlm,COD,71/72,0
StuttgarterKickers,COG,71/72,0
SVDarmstadt98,CRI,71/72,0
TasmaniaBerlin,CIV,71/72,15
TennisBorussiaBerlin,HRV,71/72,0
VfBLeipzig,CUB,71/72,0
VfBStuttgart,CUW,71/72,469
VfLBochum,CYP,71/72,59
VfLWolfsburg,CZE,71/72,0
WaldhofMannheim,DNK,71/72,0
Wattenscheid09,DJI,71/72,0
WerderBremen,DMA,71/72,501
1.FCKaiserslautern,AFG,72/73,473
1.FCKoeln,ALB,72/73,640
1.FCNuernberg,DZA,72/73,302
1.FCSaarbruecken,ASM,72/73,44
1.FSVMainz05,AND,72/73,0
1860Muenchen,AGO,72/73,416
1899Hoffenheim,ATG,72/73,0
AlemanniaAachen,ARG,72/73,140
ArminiaBielefeld,ARM,72/73,34
Bayer04Leverkusen,ABW,72/73,0
BayerUerdingen,AUS,72/73,0
BayernMuenchen,AUT,72/73,618
Blau-Wei§90Berlin,AZE,72/73,0
BorussiaDortmund,BHS,72/73,537
BorussiaMoenchengladbach,BHR,72/73,577
BorussiaNeunkirchen,BGD,72/73,109
Darmstadt98,BRB,72/73,0
DynamoDresden,BLR,72/73,0
EintrachtBraunschweig,BEL,72/73,427
EintrachtFrankfurt,BLZ,72/73,571
EnergieCottbus,BEN,72/73,0
FCAugsburg,BMU,72/73,0
FCHomburg,BTN,72/73,0
FCIngolstadt04,BOL,72/73,0
FCSt.Pauli,BIH,72/73,0
FortunaDuesseldorf,BWA,72/73,146
FortunaKoeln,BRA,72/73,0
HamburgerSV,VGB,72/73,538
Hannover96,BRN,72/73,447
HansaRostock,BGR,72/73,0
HerthaBSCBerlin,BFA,72/73,343
KarlsruherSC,BDI,72/73,210
KickersOffenbach,CPV,72/73,152
MeidericherSV,KHM,72/73,176
MSVDuisburg,CMR,72/73,309
Preu§enMuenster,CAN,72/73,34
RBLeipzig,CYM,72/73,0
Rot-Wei§Essen,CAF,72/73,124
Rot-Wei§Oberhausen,TCD,72/73,182
SCFreiburg,CHI,72/73,0
SCPaderborn07,CHL,72/73,31
Schalke04,CHN,72/73,462
SpVggGreutherFuerth,COL,72/73,0
SpVggUnterhaching,COM,72/73,0
SSVUlm,COD,72/73,0
StuttgarterKickers,COG,72/73,0
SVDarmstadt98,CRI,72/73,0
TasmaniaBerlin,CIV,72/73,15
TennisBorussiaBerlin,HRV,72/73,0
VfBLeipzig,CUB,72/73,0
VfBStuttgart,CUW,72/73,540
VfLBochum,CYP,72/73,109
VfLWolfsburg,CZE,72/73,0
WaldhofMannheim,DNK,72/73,0
Wattenscheid09,DJI,72/73,0
WerderBremen,DMA,72/73,551
1.FCKaiserslautern,AFG,73/74,553
1.FCKoeln,ALB,73/74,709
1.FCNuernberg,DZA,73/74,302
1.FCSaarbruecken,ASM,73/74,44
1.FSVMainz05,AND,73/74,0
1860Muenchen,AGO,73/74,416
1899Hoffenheim,ATG,73/74,0
AlemanniaAachen,ARG,73/74,140
ArminiaBielefeld,ARM,73/74,34
Bayer04Leverkusen,ABW,73/74,0
BayerUerdingen,AUS,73/74,0
BayernMuenchen,AUT,73/74,713
Blau-Wei§90Berlin,AZE,73/74,0
BorussiaDortmund,BHS,73/74,537
BorussiaMoenchengladbach,BHR,73/74,670
BorussiaNeunkirchen,BGD,73/74,109
Darmstadt98,BRB,73/74,0
DynamoDresden,BLR,73/74,0
EintrachtBraunschweig,BEL,73/74,427
EintrachtFrankfurt,BLZ,73/74,634
EnergieCottbus,BEN,73/74,0
FCAugsburg,BMU,73/74,0
FCHomburg,BTN,73/74,0
FCIngolstadt04,BOL,73/74,0
FCSt.Pauli,BIH,73/74,0
FortunaDuesseldorf,BWA,73/74,207
FortunaKoeln,BRA,73/74,46
HamburgerSV,VGB,73/74,591
Hannover96,BRN,73/74,497
HansaRostock,BGR,73/74,0
HerthaBSCBerlin,BFA,73/74,399
KarlsruherSC,BDI,73/74,210
KickersOffenbach,CPV,73/74,208
MeidericherSV,KHM,73/74,176
MSVDuisburg,CMR,73/74,351
Preu§enMuenster,CAN,73/74,34
RBLeipzig,CYM,73/74,0
Rot-Wei§Essen,CAF,73/74,180
Rot-Wei§Oberhausen,TCD,73/74,182
SCFreiburg,CHI,73/74,0
SCPaderborn07,CHL,73/74,31
Schalke04,CHN,73/74,534
SpVggGreutherFuerth,COL,73/74,0
SpVggUnterhaching,COM,73/74,0
SSVUlm,COD,73/74,0
StuttgarterKickers,COG,73/74,0
SVDarmstadt98,CRI,73/74,0
TasmaniaBerlin,CIV,73/74,15
TennisBorussiaBerlin,HRV,73/74,0
VfBLeipzig,CUB,73/74,0
VfBStuttgart,CUW,73/74,598
VfLBochum,CYP,73/74,154
VfLWolfsburg,CZE,73/74,0
WaldhofMannheim,DNK,73/74,0
Wattenscheid09,DJI,73/74,0
WerderBremen,DMA,73/74,599
1.FCKaiserslautern,AFG,74/75,609
1.FCKoeln,ALB,74/75,786
1.FCNuernberg,DZA,74/75,302
1.FCSaarbruecken,ASM,74/75,44
1.FSVMainz05,AND,74/75,0
1860Muenchen,AGO,74/75,416
1899Hoffenheim,ATG,74/75,0
AlemanniaAachen,ARG,74/75,140
ArminiaBielefeld,ARM,74/75,34
Bayer04Leverkusen,ABW,74/75,0
BayerUerdingen,AUS,74/75,0
BayernMuenchen,AUT,74/75,770
Blau-Wei§90Berlin,AZE,74/75,0
BorussiaDortmund,BHS,74/75,537
BorussiaMoenchengladbach,BHR,74/75,756
BorussiaNeunkirchen,BGD,74/75,109
Darmstadt98,BRB,74/75,0
DynamoDresden,BLR,74/75,0
EintrachtBraunschweig,BEL,74/75,479
EintrachtFrankfurt,BLZ,74/75,723
EnergieCottbus,BEN,74/75,0
FCAugsburg,BMU,74/75,0
FCHomburg,BTN,74/75,0
FCIngolstadt04,BOL,74/75,0
FCSt.Pauli,BIH,74/75,0
FortunaDuesseldorf,BWA,74/75,273
FortunaKoeln,BRA,74/75,46
HamburgerSV,VGB,74/75,646
Hannover96,BRN,74/75,545
HansaRostock,BGR,74/75,0
HerthaBSCBerlin,BFA,74/75,460
KarlsruherSC,BDI,74/75,210
KickersOffenbach,CPV,74/75,280
MeidericherSV,KHM,74/75,176
MSVDuisburg,CMR,74/75,410
Preu§enMuenster,CAN,74/75,34
RBLeipzig,CYM,74/75,0
Rot-Wei§Essen,CAF,74/75,236
Rot-Wei§Oberhausen,TCD,74/75,182
SCFreiburg,CHI,74/75,0
SCPaderborn07,CHL,74/75,31
Schalke04,CHN,74/75,586
SpVggGreutherFuerth,COL,74/75,0
SpVggUnterhaching,COM,74/75,0
SSVUlm,COD,74/75,0
StuttgarterKickers,COG,74/75,0
SVDarmstadt98,CRI,74/75,0
TasmaniaBerlin,CIV,74/75,15
TennisBorussiaBerlin,HRV,74/75,38
VfBLeipzig,CUB,74/75,0
VfBStuttgart,CUW,74/75,648
VfLBochum,CYP,74/75,207
VfLWolfsburg,CZE,74/75,0
WaldhofMannheim,DNK,74/75,0
Wattenscheid09,DJI,74/75,0
WerderBremen,DMA,74/75,644
1.FCKaiserslautern,AFG,75/76,675
1.FCKoeln,ALB,75/76,848
1.FCNuernberg,DZA,75/76,302
1.FCSaarbruecken,ASM,75/76,44
1.FSVMainz05,AND,75/76,0
1860Muenchen,AGO,75/76,416
1899Hoffenheim,ATG,75/76,0
AlemanniaAachen,ARG,75/76,140
ArminiaBielefeld,ARM,75/76,34
Bayer04Leverkusen,ABW,75/76,0
BayerUerdingen,AUS,75/76,28
BayernMuenchen,AUT,75/76,842
Blau-Wei§90Berlin,AZE,75/76,0
BorussiaDortmund,BHS,75/76,537
BorussiaMoenchengladbach,BHR,75/76,822
BorussiaNeunkirchen,BGD,75/76,109
Darmstadt98,BRB,75/76,0
DynamoDresden,BLR,75/76,0
EintrachtBraunschweig,BEL,75/76,531
EintrachtFrankfurt,BLZ,75/76,802
EnergieCottbus,BEN,75/76,0
FCAugsburg,BMU,75/76,0
FCHomburg,BTN,75/76,0
FCIngolstadt04,BOL,75/76,0
FCSt.Pauli,BIH,75/76,0
FortunaDuesseldorf,BWA,75/76,320
FortunaKoeln,BRA,75/76,46
HamburgerSV,VGB,75/76,705
Hannover96,BRN,75/76,545
HansaRostock,BGR,75/76,0
HerthaBSCBerlin,BFA,75/76,519
KarlsruherSC,BDI,75/76,256
KickersOffenbach,CPV,75/76,320
MeidericherSV,KHM,75/76,176
MSVDuisburg,CMR,75/76,465
Preu§enMuenster,CAN,75/76,34
RBLeipzig,CYM,75/76,0
Rot-Wei§Essen,CAF,75/76,297
Rot-Wei§Oberhausen,TCD,75/76,182
SCFreiburg,CHI,75/76,0
SCPaderborn07,CHL,75/76,31
Schalke04,CHN,75/76,662
SpVggGreutherFuerth,COL,75/76,0
SpVggUnterhaching,COM,75/76,0
SSVUlm,COD,75/76,0
StuttgarterKickers,COG,75/76,0
SVDarmstadt98,CRI,75/76,0
TasmaniaBerlin,CIV,75/76,15
TennisBorussiaBerlin,HRV,75/76,38
VfBLeipzig,CUB,75/76,0
VfBStuttgart,CUW,75/76,648
VfLBochum,CYP,75/76,256
VfLWolfsburg,CZE,75/76,0
WaldhofMannheim,DNK,75/76,0
Wattenscheid09,DJI,75/76,0
WerderBremen,DMA,75/76,688
1.FCKaiserslautern,AFG,76/77,728
1.FCKoeln,ALB,76/77,931
1.FCNuernberg,DZA,76/77,302
1.FCSaarbruecken,ASM,76/77,87
1.FSVMainz05,AND,76/77,0
1860Muenchen,AGO,76/77,416
1899Hoffenheim,ATG,76/77,0
AlemanniaAachen,ARG,76/77,140
ArminiaBielefeld,ARM,76/77,34
Bayer04Leverkusen,ABW,76/77,0
BayerUerdingen,AUS,76/77,28
BayernMuenchen,AUT,76/77,916
Blau-Wei§90Berlin,AZE,76/77,0
BorussiaDortmund,BHS,76/77,610
BorussiaMoenchengladbach,BHR,76/77,880
BorussiaNeunkirchen,BGD,76/77,109
Darmstadt98,BRB,76/77,0
DynamoDresden,BLR,76/77,0
EintrachtBraunschweig,BEL,76/77,587
EintrachtFrankfurt,BLZ,76/77,888
EnergieCottbus,BEN,76/77,0
FCAugsburg,BMU,76/77,0
FCHomburg,BTN,76/77,0
FCIngolstadt04,BOL,76/77,0
FCSt.Pauli,BIH,76/77,0
FortunaDuesseldorf,BWA,76/77,372
FortunaKoeln,BRA,76/77,46
HamburgerSV,VGB,76/77,772
Hannover96,BRN,76/77,545
HansaRostock,BGR,76/77,0
HerthaBSCBerlin,BFA,76/77,574
KarlsruherSC,BDI,76/77,309
KickersOffenbach,CPV,76/77,320
MeidericherSV,KHM,76/77,176
MSVDuisburg,CMR,76/77,525
Preu§enMuenster,CAN,76/77,34
RBLeipzig,CYM,76/77,0
Rot-Wei§Essen,CAF,76/77,346
Rot-Wei§Oberhausen,TCD,76/77,182
SCFreiburg,CHI,76/77,0
SCPaderborn07,CHL,76/77,31
Schalke04,CHN,76/77,739
SpVggGreutherFuerth,COL,76/77,0
SpVggUnterhaching,COM,76/77,0
SSVUlm,COD,76/77,0
StuttgarterKickers,COG,76/77,0
SVDarmstadt98,CRI,76/77,0
TasmaniaBerlin,CIV,76/77,15
TennisBorussiaBerlin,HRV,76/77,85
VfBLeipzig,CUB,76/77,0
VfBStuttgart,CUW,76/77,648
VfLBochum,CYP,76/77,303
VfLWolfsburg,CZE,76/77,0
WaldhofMannheim,DNK,76/77,0
Wattenscheid09,DJI,76/77,0
WerderBremen,DMA,76/77,739
1.FCKaiserslautern,AFG,77/78,792
1.FCKoeln,ALB,77/78,1017
1.FCNuernberg,DZA,77/78,302
1.FCSaarbruecken,ASM,77/78,126
1.FSVMainz05,AND,77/78,0
1860Muenchen,AGO,77/78,457
1899Hoffenheim,ATG,77/78,0
AlemanniaAachen,ARG,77/78,140
ArminiaBielefeld,ARM,77/78,34
Bayer04Leverkusen,ABW,77/78,0
BayerUerdingen,AUS,77/78,28
BayernMuenchen,AUT,77/78,978
Blau-Wei§90Berlin,AZE,77/78,0
BorussiaDortmund,BHS,77/78,667
BorussiaMoenchengladbach,BHR,77/78,966
BorussiaNeunkirchen,BGD,77/78,109
Darmstadt98,BRB,77/78,40
DynamoDresden,BLR,77/78,0
EintrachtBraunschweig,BEL,77/78,630
EintrachtFrankfurt,BLZ,77/78,947
EnergieCottbus,BEN,77/78,0
FCAugsburg,BMU,77/78,0
FCHomburg,BTN,77/78,0
FCIngolstadt04,BOL,77/78,0
FCSt.Pauli,BIH,77/78,44
FortunaDuesseldorf,BWA,77/78,421
FortunaKoeln,BRA,77/78,46
HamburgerSV,VGB,77/78,833
Hannover96,BRN,77/78,545
HansaRostock,BGR,77/78,0
HerthaBSCBerlin,BFA,77/78,633
KarlsruherSC,BDI,77/78,309
KickersOffenbach,CPV,77/78,320
MeidericherSV,KHM,77/78,176
MSVDuisburg,CMR,77/78,587
Preu§enMuenster,CAN,77/78,34
RBLeipzig,CYM,77/78,0
Rot-Wei§Essen,CAF,77/78,346
Rot-Wei§Oberhausen,TCD,77/78,182
SCFreiburg,CHI,77/78,0
SCPaderborn07,CHL,77/78,31
Schalke04,CHN,77/78,786
SpVggGreutherFuerth,COL,77/78,0
SpVggUnterhaching,COM,77/78,0
SSVUlm,COD,77/78,0
StuttgarterKickers,COG,77/78,0
SVDarmstadt98,CRI,77/78,0
TasmaniaBerlin,CIV,77/78,15
TennisBorussiaBerlin,HRV,77/78,85
VfBLeipzig,CUB,77/78,0
VfBStuttgart,CUW,77/78,706
VfLBochum,CYP,77/78,352
VfLWolfsburg,CZE,77/78,0
WaldhofMannheim,DNK,77/78,0
Wattenscheid09,DJI,77/78,0
WerderBremen,DMA,77/78,787
1.FCKaiserslautern,AFG,78/79,867
1.FCKoeln,ALB,78/79,1072
1.FCNuernberg,DZA,78/79,338
1.FCSaarbruecken,ASM,78/79,126
1.FSVMainz05,AND,78/79,0
1860Muenchen,AGO,78/79,499
1899Hoffenheim,ATG,78/79,0
AlemanniaAachen,ARG,78/79,140
ArminiaBielefeld,ARM,78/79,77
Bayer04Leverkusen,ABW,78/79,0
BayerUerdingen,AUS,78/79,28
BayernMuenchen,AUT,78/79,1047
Blau-Wei§90Berlin,AZE,78/79,0
BorussiaDortmund,BHS,78/79,721
BorussiaMoenchengladbach,BHR,78/79,1016
BorussiaNeunkirchen,BGD,78/79,109
Darmstadt98,BRB,78/79,40
DynamoDresden,BLR,78/79,0
EintrachtBraunschweig,BEL,78/79,680
EintrachtFrankfurt,BLZ,78/79,997
EnergieCottbus,BEN,78/79,0
FCAugsburg,BMU,78/79,0
FCHomburg,BTN,78/79,0
FCIngolstadt04,BOL,78/79,0
FCSt.Pauli,BIH,78/79,44
FortunaDuesseldorf,BWA,78/79,491
FortunaKoeln,BRA,78/79,46
HamburgerSV,VGB,78/79,911
Hannover96,BRN,78/79,545
HansaRostock,BGR,78/79,0
HerthaBSCBerlin,BFA,78/79,673
KarlsruherSC,BDI,78/79,309
KickersOffenbach,CPV,78/79,320
MeidericherSV,KHM,78/79,176
MSVDuisburg,CMR,78/79,630
Preu§enMuenster,CAN,78/79,34
RBLeipzig,CYM,78/79,0
Rot-Wei§Essen,CAF,78/79,346
Rot-Wei§Oberhausen,TCD,78/79,182
SCFreiburg,CHI,78/79,0
SCPaderborn07,CHL,78/79,31
Schalke04,CHN,78/79,841
SpVggGreutherFuerth,COL,78/79,0
SpVggUnterhaching,COM,78/79,0
SSVUlm,COD,78/79,0
StuttgarterKickers,COG,78/79,0
SVDarmstadt98,CRI,78/79,0
TasmaniaBerlin,CIV,78/79,15
TennisBorussiaBerlin,HRV,78/79,85
VfBLeipzig,CUB,78/79,0
VfBStuttgart,CUW,78/79,779
VfLBochum,CYP,78/79,399
VfLWolfsburg,CZE,78/79,0
WaldhofMannheim,DNK,78/79,0
Wattenscheid09,DJI,78/79,0
WerderBremen,DMA,78/79,839
1.FCKaiserslautern,AFG,79/80,929
1.FCKoeln,ALB,79/80,1144
1.FCNuernberg,DZA,79/80,338
1.FCSaarbruecken,ASM,79/80,126
1.FSVMainz05,AND,79/80,0
1860Muenchen,AGO,79/80,548
1899Hoffenheim,ATG,79/80,0
AlemanniaAachen,ARG,79/80,140
ArminiaBielefeld,ARM,79/80,77
Bayer04Leverkusen,ABW,79/80,45
BayerUerdingen,AUS,79/80,71
BayernMuenchen,AUT,79/80,1131
Blau-Wei§90Berlin,AZE,79/80,0
BorussiaDortmund,BHS,79/80,785
BorussiaMoenchengladbach,BHR,79/80,1077
BorussiaNeunkirchen,BGD,79/80,109
Darmstadt98,BRB,79/80,40
DynamoDresden,BLR,79/80,0
EintrachtBraunschweig,BEL,79/80,712
EintrachtFrankfurt,BLZ,79/80,1062
EnergieCottbus,BEN,79/80,0
FCAugsburg,BMU,79/80,0
FCHomburg,BTN,79/80,0
FCIngolstadt04,BOL,79/80,0
FCSt.Pauli,BIH,79/80,44
FortunaDuesseldorf,BWA,79/80,553
FortunaKoeln,BRA,79/80,46
HamburgerSV,VGB,79/80,997
Hannover96,BRN,79/80,545
HansaRostock,BGR,79/80,0
HerthaBSCBerlin,BFA,79/80,714
KarlsruherSC,BDI,79/80,309
KickersOffenbach,CPV,79/80,320
MeidericherSV,KHM,79/80,176
MSVDuisburg,CMR,79/80,673
Preu§enMuenster,CAN,79/80,34
RBLeipzig,CYM,79/80,0
Rot-Wei§Essen,CAF,79/80,346
Rot-Wei§Oberhausen,TCD,79/80,182
SCFreiburg,CHI,79/80,0
SCPaderborn07,CHL,79/80,31
Schalke04,CHN,79/80,881
SpVggGreutherFuerth,COL,79/80,0
SpVggUnterhaching,COM,79/80,0
SSVUlm,COD,79/80,0
StuttgarterKickers,COG,79/80,0
SVDarmstadt98,CRI,79/80,0
TasmaniaBerlin,CIV,79/80,15
TennisBorussiaBerlin,HRV,79/80,85
VfBLeipzig,CUB,79/80,0
VfBStuttgart,CUW,79/80,854
VfLBochum,CYP,79/80,440
VfLWolfsburg,CZE,79/80,0
WaldhofMannheim,DNK,79/80,0
Wattenscheid09,DJI,79/80,0
WerderBremen,DMA,79/80,887
1.FCKaiserslautern,AFG,80/81,989
1.FCKoeln,ALB,80/81,1198
1.FCNuernberg,DZA,80/81,385
1.FCSaarbruecken,ASM,80/81,126
1.FSVMainz05,AND,80/81,0
1860Muenchen,AGO,80/81,548
1899Hoffenheim,ATG,80/81,0
AlemanniaAachen,ARG,80/81,140
ArminiaBielefeld,ARM,80/81,123
Bayer04Leverkusen,ABW,80/81,97
BayerUerdingen,AUS,80/81,118
BayernMuenchen,AUT,80/81,1220
Blau-Wei§90Berlin,AZE,80/81,0
BorussiaDortmund,BHS,80/81,854
BorussiaMoenchengladbach,BHR,80/81,1145
BorussiaNeunkirchen,BGD,80/81,109
Darmstadt98,BRB,80/81,40
DynamoDresden,BLR,80/81,0
EintrachtBraunschweig,BEL,80/81,712
EintrachtFrankfurt,BLZ,80/81,1123
EnergieCottbus,BEN,80/81,0
FCAugsburg,BMU,80/81,0
FCHomburg,BTN,80/81,0
FCIngolstadt04,BOL,80/81,0
FCSt.Pauli,BIH,80/81,44
FortunaDuesseldorf,BWA,80/81,610
FortunaKoeln,BRA,80/81,46
HamburgerSV,VGB,80/81,1070
Hannover96,BRN,80/81,545
HansaRostock,BGR,80/81,0
HerthaBSCBerlin,BFA,80/81,714
KarlsruherSC,BDI,80/81,365
KickersOffenbach,CPV,80/81,320
MeidericherSV,KHM,80/81,176
MSVDuisburg,CMR,80/81,718
Preu§enMuenster,CAN,80/81,34
RBLeipzig,CYM,80/81,0
Rot-Wei§Essen,CAF,80/81,346
Rot-Wei§Oberhausen,TCD,80/81,182
SCFreiburg,CHI,80/81,0
SCPaderborn07,CHL,80/81,31
Schalke04,CHN,80/81,924
SpVggGreutherFuerth,COL,80/81,0
SpVggUnterhaching,COM,80/81,0
SSVUlm,COD,80/81,0
StuttgarterKickers,COG,80/81,0
SVDarmstadt98,CRI,80/81,0
TasmaniaBerlin,CIV,80/81,15
TennisBorussiaBerlin,HRV,80/81,85
VfBLeipzig,CUB,80/81,0
VfBStuttgart,CUW,80/81,924
VfLBochum,CYP,80/81,493
VfLWolfsburg,CZE,80/81,0
WaldhofMannheim,DNK,80/81,0
Wattenscheid09,DJI,80/81,0
WerderBremen,DMA,80/81,887
1.FCKaiserslautern,AFG,81/82,1059
1.FCKoeln,ALB,81/82,1270
1.FCNuernberg,DZA,81/82,438
1.FCSaarbruecken,ASM,81/82,126
1.FSVMainz05,AND,81/82,0
1860Muenchen,AGO,81/82,548
1899Hoffenheim,ATG,81/82,0
AlemanniaAachen,ARG,81/82,140
ArminiaBielefeld,ARM,81/82,169
Bayer04Leverkusen,ABW,81/82,142
BayerUerdingen,AUS,81/82,118
BayernMuenchen,AUT,81/82,1297
Blau-Wei§90Berlin,AZE,81/82,0
BorussiaDortmund,BHS,81/82,913
BorussiaMoenchengladbach,BHR,81/82,1206
BorussiaNeunkirchen,BGD,81/82,109
Darmstadt98,BRB,81/82,86
DynamoDresden,BLR,81/82,0
EintrachtBraunschweig,BEL,81/82,773
EintrachtFrankfurt,BLZ,81/82,1206
EnergieCottbus,BEN,81/82,0
FCAugsburg,BMU,81/82,0
FCHomburg,BTN,81/82,0
FCIngolstadt04,BOL,81/82,0
FCSt.Pauli,BIH,81/82,44
FortunaDuesseldorf,BWA,81/82,658
FortunaKoeln,BRA,81/82,46
HamburgerSV,VGB,81/82,1165
Hannover96,BRN,81/82,545
HansaRostock,BGR,81/82,0
HerthaBSCBerlin,BFA,81/82,714
KarlsruherSC,BDI,81/82,415
KickersOffenbach,CPV,81/82,320
MeidericherSV,KHM,81/82,176
MSVDuisburg,CMR,81/82,758
Preu§enMuenster,CAN,81/82,34
RBLeipzig,CYM,81/82,0
Rot-Wei§Essen,CAF,81/82,346
Rot-Wei§Oberhausen,TCD,81/82,182
SCFreiburg,CHI,81/82,0
SCPaderborn07,CHL,81/82,31
Schalke04,CHN,81/82,924
SpVggGreutherFuerth,COL,81/82,0
SpVggUnterhaching,COM,81/82,0
SSVUlm,COD,81/82,0
StuttgarterKickers,COG,81/82,0
SVDarmstadt98,CRI,81/82,0
TasmaniaBerlin,CIV,81/82,15
TennisBorussiaBerlin,HRV,81/82,85
VfBLeipzig,CUB,81/82,0
VfBStuttgart,CUW,81/82,986
VfLBochum,CYP,81/82,545
VfLWolfsburg,CZE,81/82,0
WaldhofMannheim,DNK,81/82,0
Wattenscheid09,DJI,81/82,0
WerderBremen,DMA,81/82,948
1.FCKaiserslautern,AFG,82/83,1116
1.FCKoeln,ALB,82/83,1339
1.FCNuernberg,DZA,82/83,482
1.FCSaarbruecken,ASM,82/83,126
1.FSVMainz05,AND,82/83,0
1860Muenchen,AGO,82/83,548
1899Hoffenheim,ATG,82/83,0
AlemanniaAachen,ARG,82/83,140
ArminiaBielefeld,ARM,82/83,215
Bayer04Leverkusen,ABW,82/83,185
BayerUerdingen,AUS,82/83,118
BayernMuenchen,AUT,82/83,1371
Blau-Wei§90Berlin,AZE,82/83,0
BorussiaDortmund,BHS,82/83,991
BorussiaMoenchengladbach,BHR,82/83,1270
BorussiaNeunkirchen,BGD,82/83,109
Darmstadt98,BRB,82/83,86
DynamoDresden,BLR,82/83,0
EintrachtBraunschweig,BEL,82/83,815
EintrachtFrankfurt,BLZ,82/83,1254
EnergieCottbus,BEN,82/83,0
FCAugsburg,BMU,82/83,0
FCHomburg,BTN,82/83,0
FCIngolstadt04,BOL,82/83,0
FCSt.Pauli,BIH,82/83,44
FortunaDuesseldorf,BWA,82/83,721
FortunaKoeln,BRA,82/83,46
HamburgerSV,VGB,82/83,1244
Hannover96,BRN,82/83,545
HansaRostock,BGR,82/83,0
HerthaBSCBerlin,BFA,82/83,757
KarlsruherSC,BDI,82/83,454
KickersOffenbach,CPV,82/83,320
MeidericherSV,KHM,82/83,176
MSVDuisburg,CMR,82/83,758
Preu§enMuenster,CAN,82/83,34
RBLeipzig,CYM,82/83,0
Rot-Wei§Essen,CAF,82/83,346
Rot-Wei§Oberhausen,TCD,82/83,182
SCFreiburg,CHI,82/83,0
SCPaderborn07,CHL,82/83,31
Schalke04,CHN,82/83,972
SpVggGreutherFuerth,COL,82/83,0
SpVggUnterhaching,COM,82/83,0
SSVUlm,COD,82/83,0
StuttgarterKickers,COG,82/83,0
SVDarmstadt98,CRI,82/83,0
TasmaniaBerlin,CIV,82/83,15
TennisBorussiaBerlin,HRV,82/83,85
VfBLeipzig,CUB,82/83,0
VfBStuttgart,CUW,82/83,1066
VfLBochum,CYP,82/83,588
VfLWolfsburg,CZE,82/83,0
WaldhofMannheim,DNK,82/83,0
Wattenscheid09,DJI,82/83,0
WerderBremen,DMA,82/83,1024
1.FCKaiserslautern,AFG,83/84,1184
1.FCKoeln,ALB,83/84,1409
1.FCNuernberg,DZA,83/84,520
1.FCSaarbruecken,ASM,83/84,126
1.FSVMainz05,AND,83/84,0
1860Muenchen,AGO,83/84,548
1899Hoffenheim,ATG,83/84,0
AlemanniaAachen,ARG,83/84,140
ArminiaBielefeld,ARM,83/84,255
Bayer04Leverkusen,ABW,83/84,235
BayerUerdingen,AUS,83/84,184
BayernMuenchen,AUT,83/84,1455
Blau-Wei§90Berlin,AZE,83/84,0
BorussiaDortmund,BHS,83/84,1045
BorussiaMoenchengladbach,BHR,83/84,1351
BorussiaNeunkirchen,BGD,83/84,109
Darmstadt98,BRB,83/84,86
DynamoDresden,BLR,83/84,0
EintrachtBraunschweig,BEL,83/84,869
EintrachtFrankfurt,BLZ,83/84,1299
EnergieCottbus,BEN,83/84,0
FCAugsburg,BMU,83/84,0
FCHomburg,BTN,83/84,0
FCIngolstadt04,BOL,83/84,0
FCSt.Pauli,BIH,83/84,44
FortunaDuesseldorf,BWA,83/84,784
FortunaKoeln,BRA,83/84,46
HamburgerSV,VGB,83/84,1319
Hannover96,BRN,83/84,545
HansaRostock,BGR,83/84,0
HerthaBSCBerlin,BFA,83/84,757
KarlsruherSC,BDI,83/84,454
KickersOffenbach,CPV,83/84,368
MeidericherSV,KHM,83/84,176
MSVDuisburg,CMR,83/84,758
Preu§enMuenster,CAN,83/84,34
RBLeipzig,CYM,83/84,0
Rot-Wei§Essen,CAF,83/84,346
Rot-Wei§Oberhausen,TCD,83/84,182
SCFreiburg,CHI,83/84,0
SCPaderborn07,CHL,83/84,31
Schalke04,CHN,83/84,972
SpVggGreutherFuerth,COL,83/84,0
SpVggUnterhaching,COM,83/84,0
SSVUlm,COD,83/84,0
StuttgarterKickers,COG,83/84,0
SVDarmstadt98,CRI,83/84,0
TasmaniaBerlin,CIV,83/84,15
TennisBorussiaBerlin,HRV,83/84,85
VfBLeipzig,CUB,83/84,0
VfBStuttgart,CUW,83/84,1145
VfLBochum,CYP,83/84,646
VfLWolfsburg,CZE,83/84,0
WaldhofMannheim,DNK,83/84,45
Wattenscheid09,DJI,83/84,0
WerderBremen,DMA,83/84,1103
1.FCKaiserslautern,AFG,84/85,1240
1.FCKoeln,ALB,84/85,1478
1.FCNuernberg,DZA,84/85,520
1.FCSaarbruecken,ASM,84/85,126
1.FSVMainz05,AND,84/85,0
1860Muenchen,AGO,84/85,548
1899Hoffenheim,ATG,84/85,0
AlemanniaAachen,ARG,84/85,140
ArminiaBielefeld,ARM,84/85,301
Bayer04Leverkusen,ABW,84/85,287
BayerUerdingen,AUS,84/85,241
BayernMuenchen,AUT,84/85,1534
Blau-Wei§90Berlin,AZE,84/85,0
BorussiaDortmund,BHS,84/85,1096
BorussiaMoenchengladbach,BHR,84/85,1428
BorussiaNeunkirchen,BGD,84/85,109
Darmstadt98,BRB,84/85,86
DynamoDresden,BLR,84/85,0
EintrachtBraunschweig,BEL,84/85,908
EintrachtFrankfurt,BLZ,84/85,1361
EnergieCottbus,BEN,84/85,0
FCAugsburg,BMU,84/85,0
FCHomburg,BTN,84/85,0
FCIngolstadt04,BOL,84/85,0
FCSt.Pauli,BIH,84/85,44
FortunaDuesseldorf,BWA,84/85,837
FortunaKoeln,BRA,84/85,46
HamburgerSV,VGB,84/85,1377
Hannover96,BRN,84/85,545
HansaRostock,BGR,84/85,0
HerthaBSCBerlin,BFA,84/85,757
KarlsruherSC,BDI,84/85,501
KickersOffenbach,CPV,84/85,368
MeidericherSV,KHM,84/85,176
MSVDuisburg,CMR,84/85,758
Preu§enMuenster,CAN,84/85,34
RBLeipzig,CYM,84/85,0
Rot-Wei§Essen,CAF,84/85,346
Rot-Wei§Oberhausen,TCD,84/85,182
SCFreiburg,CHI,84/85,0
SCPaderborn07,CHL,84/85,31
Schalke04,CHN,84/85,1035
SpVggGreutherFuerth,COL,84/85,0
SpVggUnterhaching,COM,84/85,0
SSVUlm,COD,84/85,0
StuttgarterKickers,COG,84/85,0
SVDarmstadt98,CRI,84/85,0
TasmaniaBerlin,CIV,84/85,15
TennisBorussiaBerlin,HRV,84/85,85
VfBLeipzig,CUB,84/85,0
VfBStuttgart,CUW,84/85,1224
VfLBochum,CYP,84/85,698
VfLWolfsburg,CZE,84/85,0
WaldhofMannheim,DNK,84/85,92
Wattenscheid09,DJI,84/85,0
WerderBremen,DMA,84/85,1190
1.FCKaiserslautern,AFG,85/86,1289
1.FCKoeln,ALB,85/86,1524
1.FCNuernberg,DZA,85/86,571
1.FCSaarbruecken,ASM,85/86,165
1.FSVMainz05,AND,85/86,0
1860Muenchen,AGO,85/86,548
1899Hoffenheim,ATG,85/86,0
AlemanniaAachen,ARG,85/86,140
ArminiaBielefeld,ARM,85/86,301
Bayer04Leverkusen,ABW,85/86,350
BayerUerdingen,AUS,85/86,304
BayernMuenchen,AUT,85/86,1616
Blau-Wei§90Berlin,AZE,85/86,0
BorussiaDortmund,BHS,85/86,1145
BorussiaMoenchengladbach,BHR,85/86,1493
BorussiaNeunkirchen,BGD,85/86,109
Darmstadt98,BRB,85/86,86
DynamoDresden,BLR,85/86,0
EintrachtBraunschweig,BEL,85/86,908
EintrachtFrankfurt,BLZ,85/86,1396
EnergieCottbus,BEN,85/86,0
FCAugsburg,BMU,85/86,0
FCHomburg,BTN,85/86,0
FCIngolstadt04,BOL,85/86,0
FCSt.Pauli,BIH,85/86,44
FortunaDuesseldorf,BWA,85/86,891
FortunaKoeln,BRA,85/86,46
HamburgerSV,VGB,85/86,1429
Hannover96,BRN,85/86,588
HansaRostock,BGR,85/86,0
HerthaBSCBerlin,BFA,85/86,757
KarlsruherSC,BDI,85/86,501
KickersOffenbach,CPV,85/86,368
MeidericherSV,KHM,85/86,176
MSVDuisburg,CMR,85/86,758
Preu§enMuenster,CAN,85/86,34
RBLeipzig,CYM,85/86,0
Rot-Wei§Essen,CAF,85/86,346
Rot-Wei§Oberhausen,TCD,85/86,182
SCFreiburg,CHI,85/86,0
SCPaderborn07,CHL,85/86,31
Schalke04,CHN,85/86,1088
SpVggGreutherFuerth,COL,85/86,0
SpVggUnterhaching,COM,85/86,0
SSVUlm,COD,85/86,0
StuttgarterKickers,COG,85/86,0
SVDarmstadt98,CRI,85/86,0
TasmaniaBerlin,CIV,85/86,15
TennisBorussiaBerlin,HRV,85/86,85
VfBLeipzig,CUB,85/86,0
VfBStuttgart,CUW,85/86,1293
VfLBochum,CYP,85/86,753
VfLWolfsburg,CZE,85/86,0
WaldhofMannheim,DNK,85/86,133
Wattenscheid09,DJI,85/86,0
WerderBremen,DMA,85/86,1273
1.FCKaiserslautern,AFG,86/87,1353
1.FCKoeln,ALB,86/87,1574
1.FCNuernberg,DZA,86/87,633
1.FCSaarbruecken,ASM,86/87,202
1.FSVMainz05,AND,86/87,0
1860Muenchen,AGO,86/87,548
1899Hoffenheim,ATG,86/87,0
AlemanniaAachen,ARG,86/87,140
ArminiaBielefeld,ARM,86/87,301
Bayer04Leverkusen,ABW,86/87,406
BayerUerdingen,AUS,86/87,355
BayernMuenchen,AUT,86/87,1683
Blau-Wei§90Berlin,AZE,86/87,36
BorussiaDortmund,BHS,86/87,1215
BorussiaMoenchengladbach,BHR,86/87,1567
BorussiaNeunkirchen,BGD,86/87,109
Darmstadt98,BRB,86/87,86
DynamoDresden,BLR,86/87,0
EintrachtBraunschweig,BEL,86/87,908
EintrachtFrankfurt,BLZ,86/87,1438
EnergieCottbus,BEN,86/87,0
FCAugsburg,BMU,86/87,0
FCHomburg,BTN,86/87,33
FCIngolstadt04,BOL,86/87,0
FCSt.Pauli,BIH,86/87,44
FortunaDuesseldorf,BWA,86/87,933
FortunaKoeln,BRA,86/87,46
HamburgerSV,VGB,86/87,1498
Hannover96,BRN,86/87,588
HansaRostock,BGR,86/87,0
HerthaBSCBerlin,BFA,86/87,757
KarlsruherSC,BDI,86/87,501
KickersOffenbach,CPV,86/87,368
MeidericherSV,KHM,86/87,176
MSVDuisburg,CMR,86/87,758
Preu§enMuenster,CAN,86/87,34
RBLeipzig,CYM,86/87,0
Rot-Wei§Essen,CAF,86/87,346
Rot-Wei§Oberhausen,TCD,86/87,182
SCFreiburg,CHI,86/87,0
SCPaderborn07,CHL,86/87,31
Schalke04,CHN,86/87,1138
SpVggGreutherFuerth,COL,86/87,0
SpVggUnterhaching,COM,86/87,0
SSVUlm,COD,86/87,0
StuttgarterKickers,COG,86/87,0
SVDarmstadt98,CRI,86/87,0
TasmaniaBerlin,CIV,86/87,15
TennisBorussiaBerlin,HRV,86/87,85
VfBLeipzig,CUB,86/87,0
VfBStuttgart,CUW,86/87,1348
VfLBochum,CYP,86/87,805
VfLWolfsburg,CZE,86/87,0
WaldhofMannheim,DNK,86/87,185
Wattenscheid09,DJI,86/87,0
WerderBremen,DMA,86/87,1338
1.FCKaiserslautern,AFG,87/88,1406
1.FCKoeln,ALB,87/88,1631
1.FCNuernberg,DZA,87/88,677
1.FCSaarbruecken,ASM,87/88,202
1.FSVMainz05,AND,87/88,0
1860Muenchen,AGO,87/88,548
1899Hoffenheim,ATG,87/88,0
AlemanniaAachen,ARG,87/88,140
ArminiaBielefeld,ARM,87/88,301
Bayer04Leverkusen,ABW,87/88,459
BayerUerdingen,AUS,87/88,414
BayernMuenchen,AUT,87/88,1766
Blau-Wei§90Berlin,AZE,87/88,36
BorussiaDortmund,BHS,87/88,1266
BorussiaMoenchengladbach,BHR,87/88,1622
BorussiaNeunkirchen,BGD,87/88,109
Darmstadt98,BRB,87/88,86
DynamoDresden,BLR,87/88,0
EintrachtBraunschweig,BEL,87/88,908
EintrachtFrankfurt,BLZ,87/88,1489
EnergieCottbus,BEN,87/88,0
FCAugsburg,BMU,87/88,0
FCHomburg,BTN,87/88,70
FCIngolstadt04,BOL,87/88,0
FCSt.Pauli,BIH,87/88,44
FortunaDuesseldorf,BWA,87/88,933
FortunaKoeln,BRA,87/88,46
HamburgerSV,VGB,87/88,1561
Hannover96,BRN,87/88,647
HansaRostock,BGR,87/88,0
HerthaBSCBerlin,BFA,87/88,757
KarlsruherSC,BDI,87/88,538
KickersOffenbach,CPV,87/88,368
MeidericherSV,KHM,87/88,176
MSVDuisburg,CMR,87/88,758
Preu§enMuenster,CAN,87/88,34
RBLeipzig,CYM,87/88,0
Rot-Wei§Essen,CAF,87/88,346
Rot-Wei§Oberhausen,TCD,87/88,182
SCFreiburg,CHI,87/88,0
SCPaderborn07,CHL,87/88,31
Schalke04,CHN,87/88,1186
SpVggGreutherFuerth,COL,87/88,0
SpVggUnterhaching,COM,87/88,0
SSVUlm,COD,87/88,0
StuttgarterKickers,COG,87/88,0
SVDarmstadt98,CRI,87/88,0
TasmaniaBerlin,CIV,87/88,15
TennisBorussiaBerlin,HRV,87/88,85
VfBLeipzig,CUB,87/88,0
VfBStuttgart,CUW,87/88,1417
VfLBochum,CYP,87/88,852
VfLWolfsburg,CZE,87/88,0
WaldhofMannheim,DNK,87/88,220
Wattenscheid09,DJI,87/88,0
WerderBremen,DMA,87/88,1399
1.FCKaiserslautern,AFG,88/89,1453
1.FCKoeln,ALB,88/89,1689
1.FCNuernberg,DZA,88/89,713
1.FCSaarbruecken,ASM,88/89,202
1.FSVMainz05,AND,88/89,0
1860Muenchen,AGO,88/89,548
1899Hoffenheim,ATG,88/89,0
AlemanniaAachen,ARG,88/89,140
ArminiaBielefeld,ARM,88/89,301
Bayer04Leverkusen,ABW,88/89,504
BayerUerdingen,AUS,88/89,464
BayernMuenchen,AUT,88/89,1833
Blau-Wei§90Berlin,AZE,88/89,36
BorussiaDortmund,BHS,88/89,1322
BorussiaMoenchengladbach,BHR,88/89,1666
BorussiaNeunkirchen,BGD,88/89,109
Darmstadt98,BRB,88/89,86
DynamoDresden,BLR,88/89,0
EintrachtBraunschweig,BEL,88/89,908
EintrachtFrankfurt,BLZ,88/89,1519
EnergieCottbus,BEN,88/89,0
FCAugsburg,BMU,88/89,0
FCHomburg,BTN,88/89,70
FCIngolstadt04,BOL,88/89,0
FCSt.Pauli,BIH,88/89,85
FortunaDuesseldorf,BWA,88/89,933
FortunaKoeln,BRA,88/89,46
HamburgerSV,VGB,88/89,1621
Hannover96,BRN,88/89,683
HansaRostock,BGR,88/89,0
HerthaBSCBerlin,BFA,88/89,757
KarlsruherSC,BDI,88/89,586
KickersOffenbach,CPV,88/89,368
MeidericherSV,KHM,88/89,176
MSVDuisburg,CMR,88/89,758
Preu§enMuenster,CAN,88/89,34
RBLeipzig,CYM,88/89,0
Rot-Wei§Essen,CAF,88/89,346
Rot-Wei§Oberhausen,TCD,88/89,182
SCFreiburg,CHI,88/89,0
SCPaderborn07,CHL,88/89,31
Schalke04,CHN,88/89,1186
SpVggGreutherFuerth,COL,88/89,0
SpVggUnterhaching,COM,88/89,0
SSVUlm,COD,88/89,0
StuttgarterKickers,COG,88/89,41
SVDarmstadt98,CRI,88/89,0
TasmaniaBerlin,CIV,88/89,15
TennisBorussiaBerlin,HRV,88/89,85
VfBLeipzig,CUB,88/89,0
VfBStuttgart,CUW,88/89,1475
VfLBochum,CYP,88/89,889
VfLWolfsburg,CZE,88/89,0
WaldhofMannheim,DNK,88/89,263
Wattenscheid09,DJI,88/89,0
WerderBremen,DMA,88/89,1454
1.FCKaiserslautern,AFG,89/90,1495
1.FCKoeln,ALB,89/90,1743
1.FCNuernberg,DZA,89/90,755
1.FCSaarbruecken,ASM,89/90,202
1.FSVMainz05,AND,89/90,0
1860Muenchen,AGO,89/90,548
1899Hoffenheim,ATG,89/90,0
AlemanniaAachen,ARG,89/90,140
ArminiaBielefeld,ARM,89/90,301
Bayer04Leverkusen,ABW,89/90,544
BayerUerdingen,AUS,89/90,505
BayernMuenchen,AUT,89/90,1897
Blau-Wei§90Berlin,AZE,89/90,36
BorussiaDortmund,BHS,89/90,1373
BorussiaMoenchengladbach,BHR,89/90,1703
BorussiaNeunkirchen,BGD,89/90,109
Darmstadt98,BRB,89/90,86
DynamoDresden,BLR,89/90,0
EintrachtBraunschweig,BEL,89/90,908
EintrachtFrankfurt,BLZ,89/90,1580
EnergieCottbus,BEN,89/90,0
FCAugsburg,BMU,89/90,0
FCHomburg,BTN,89/90,103
FCIngolstadt04,BOL,89/90,0
FCSt.Pauli,BIH,89/90,116
FortunaDuesseldorf,BWA,89/90,974
FortunaKoeln,BRA,89/90,46
HamburgerSV,VGB,89/90,1660
Hannover96,BRN,89/90,683
HansaRostock,BGR,89/90,0
HerthaBSCBerlin,BFA,89/90,757
KarlsruherSC,BDI,89/90,618
KickersOffenbach,CPV,89/90,368
MeidericherSV,KHM,89/90,176
MSVDuisburg,CMR,89/90,758
Preu§enMuenster,CAN,89/90,34
RBLeipzig,CYM,89/90,0
Rot-Wei§Essen,CAF,89/90,346
Rot-Wei§Oberhausen,TCD,89/90,182
SCFreiburg,CHI,89/90,0
SCPaderborn07,CHL,89/90,31
Schalke04,CHN,89/90,1186
SpVggGreutherFuerth,COL,89/90,0
SpVggUnterhaching,COM,89/90,0
SSVUlm,COD,89/90,0
StuttgarterKickers,COG,89/90,94
SVDarmstadt98,CRI,89/90,0
TasmaniaBerlin,CIV,89/90,15
TennisBorussiaBerlin,HRV,89/90,85
VfBLeipzig,CUB,89/90,0
VfBStuttgart,CUW,89/90,1528
VfLBochum,CYP,89/90,933
VfLWolfsburg,CZE,89/90,0
WaldhofMannheim,DNK,89/90,299
Wattenscheid09,DJI,89/90,0
WerderBremen,DMA,89/90,1503
1.FCKaiserslautern,AFG,90/91,1567
1.FCKoeln,ALB,90/91,1793
1.FCNuernberg,DZA,90/91,795
1.FCSaarbruecken,ASM,90/91,202
1.FSVMainz05,AND,90/91,0
1860Muenchen,AGO,90/91,548
1899Hoffenheim,ATG,90/91,0
AlemanniaAachen,ARG,90/91,140
ArminiaBielefeld,ARM,90/91,301
Bayer04Leverkusen,ABW,90/91,591
BayerUerdingen,AUS,90/91,539
BayernMuenchen,AUT,90/91,1971
Blau-Wei§90Berlin,AZE,90/91,36
BorussiaDortmund,BHS,90/91,1419
BorussiaMoenchengladbach,BHR,90/91,1752
BorussiaNeunkirchen,BGD,90/91,109
Darmstadt98,BRB,90/91,86
DynamoDresden,BLR,90/91,0
EintrachtBraunschweig,BEL,90/91,908
EintrachtFrankfurt,BLZ,90/91,1643
EnergieCottbus,BEN,90/91,0
FCAugsburg,BMU,90/91,0
FCHomburg,BTN,90/91,103
FCIngolstadt04,BOL,90/91,0
FCSt.Pauli,BIH,90/91,149
FortunaDuesseldorf,BWA,90/91,1014
FortunaKoeln,BRA,90/91,46
HamburgerSV,VGB,90/91,1720
Hannover96,BRN,90/91,683
HansaRostock,BGR,90/91,0
HerthaBSCBerlin,BFA,90/91,794
KarlsruherSC,BDI,90/91,664
KickersOffenbach,CPV,90/91,368
MeidericherSV,KHM,90/91,176
MSVDuisburg,CMR,90/91,758
Preu§enMuenster,CAN,90/91,34
RBLeipzig,CYM,90/91,0
Rot-Wei§Essen,CAF,90/91,346
Rot-Wei§Oberhausen,TCD,90/91,182
SCFreiburg,CHI,90/91,0
SCPaderborn07,CHL,90/91,31
Schalke04,CHN,90/91,1186
SpVggGreutherFuerth,COL,90/91,0
SpVggUnterhaching,COM,90/91,0
SSVUlm,COD,90/91,0
StuttgarterKickers,COG,90/91,94
SVDarmstadt98,CRI,90/91,0
TasmaniaBerlin,CIV,90/91,15
TennisBorussiaBerlin,HRV,90/91,85
VfBLeipzig,CUB,90/91,0
VfBStuttgart,CUW,90/91,1585
VfLBochum,CYP,90/91,983
VfLWolfsburg,CZE,90/91,0
WaldhofMannheim,DNK,90/91,299
Wattenscheid09,DJI,90/91,42
WerderBremen,DMA,90/91,1549
1.FCKaiserslautern,AFG,91/92,1625
1.FCKoeln,ALB,91/92,1851
1.FCNuernberg,DZA,91/92,849
1.FCSaarbruecken,ASM,91/92,202
1.FSVMainz05,AND,91/92,0
1860Muenchen,AGO,91/92,548
1899Hoffenheim,ATG,91/92,0
AlemanniaAachen,ARG,91/92,140
ArminiaBielefeld,ARM,91/92,301
Bayer04Leverkusen,ABW,91/92,644
BayerUerdingen,AUS,91/92,539
BayernMuenchen,AUT,91/92,2030
Blau-Wei§90Berlin,AZE,91/92,36
BorussiaDortmund,BHS,91/92,1485
BorussiaMoenchengladbach,BHR,91/92,1789
BorussiaNeunkirchen,BGD,91/92,109
Darmstadt98,BRB,91/92,86
DynamoDresden,BLR,91/92,34
EintrachtBraunschweig,BEL,91/92,908
EintrachtFrankfurt,BLZ,91/92,1719
EnergieCottbus,BEN,91/92,0
FCAugsburg,BMU,91/92,0
FCHomburg,BTN,91/92,103
FCIngolstadt04,BOL,91/92,0
FCSt.Pauli,BIH,91/92,149
FortunaDuesseldorf,BWA,91/92,1055
FortunaKoeln,BRA,91/92,46
HamburgerSV,VGB,91/92,1752
Hannover96,BRN,91/92,683
HansaRostock,BGR,91/92,43
HerthaBSCBerlin,BFA,91/92,794
KarlsruherSC,BDI,91/92,712
KickersOffenbach,CPV,91/92,368
MeidericherSV,KHM,91/92,176
MSVDuisburg,CMR,91/92,801
Preu§enMuenster,CAN,91/92,34
RBLeipzig,CYM,91/92,0
Rot-Wei§Essen,CAF,91/92,346
Rot-Wei§Oberhausen,TCD,91/92,182
SCFreiburg,CHI,91/92,0
SCPaderborn07,CHL,91/92,31
Schalke04,CHN,91/92,1231
SpVggGreutherFuerth,COL,91/92,0
SpVggUnterhaching,COM,91/92,0
SSVUlm,COD,91/92,0
StuttgarterKickers,COG,91/92,94
SVDarmstadt98,CRI,91/92,0
TasmaniaBerlin,CIV,91/92,15
TennisBorussiaBerlin,HRV,91/92,85
VfBLeipzig,CUB,91/92,0
VfBStuttgart,CUW,91/92,1647
VfLBochum,CYP,91/92,1021
VfLWolfsburg,CZE,91/92,0
WaldhofMannheim,DNK,91/92,299
Wattenscheid09,DJI,91/92,92
WerderBremen,DMA,91/92,1593
1.FCKaiserslautern,AFG,92/93,1675
1.FCKoeln,ALB,92/93,1892
1.FCNuernberg,DZA,92/93,879
1.FCSaarbruecken,ASM,92/93,202
1.FSVMainz05,AND,92/93,0
1860Muenchen,AGO,92/93,548
1899Hoffenheim,ATG,92/93,0
AlemanniaAachen,ARG,92/93,140
ArminiaBielefeld,ARM,92/93,301
Bayer04Leverkusen,ABW,92/93,708
BayerUerdingen,AUS,92/93,574
BayernMuenchen,AUT,92/93,2104
Blau-Wei§90Berlin,AZE,92/93,36
BorussiaDortmund,BHS,92/93,1546
BorussiaMoenchengladbach,BHR,92/93,1848
BorussiaNeunkirchen,BGD,92/93,109
Darmstadt98,BRB,92/93,86
DynamoDresden,BLR,92/93,66
EintrachtBraunschweig,BEL,92/93,908
EintrachtFrankfurt,BLZ,92/93,1775
EnergieCottbus,BEN,92/93,0
FCAugsburg,BMU,92/93,0
FCHomburg,BTN,92/93,103
FCIngolstadt04,BOL,92/93,0
FCSt.Pauli,BIH,92/93,149
FortunaDuesseldorf,BWA,92/93,1055
FortunaKoeln,BRA,92/93,46
HamburgerSV,VGB,92/93,1794
Hannover96,BRN,92/93,683
HansaRostock,BGR,92/93,43
HerthaBSCBerlin,BFA,92/93,794
KarlsruherSC,BDI,92/93,772
KickersOffenbach,CPV,92/93,368
MeidericherSV,KHM,92/93,176
MSVDuisburg,CMR,92/93,801
Preu§enMuenster,CAN,92/93,34
RBLeipzig,CYM,92/93,0
Rot-Wei§Essen,CAF,92/93,346
Rot-Wei§Oberhausen,TCD,92/93,182
SCFreiburg,CHI,92/93,0
SCPaderborn07,CHL,92/93,31
Schalke04,CHN,92/93,1273
SpVggGreutherFuerth,COL,92/93,0
SpVggUnterhaching,COM,92/93,0
SSVUlm,COD,92/93,0
StuttgarterKickers,COG,92/93,94
SVDarmstadt98,CRI,92/93,0
TasmaniaBerlin,CIV,92/93,15
TennisBorussiaBerlin,HRV,92/93,85
VfBLeipzig,CUB,92/93,0
VfBStuttgart,CUW,92/93,1703
VfLBochum,CYP,92/93,1066
VfLWolfsburg,CZE,92/93,0
WaldhofMannheim,DNK,92/93,299
Wattenscheid09,DJI,92/93,138
WerderBremen,DMA,92/93,1656
1.FCKaiserslautern,AFG,93/94,1739
1.FCKoeln,ALB,93/94,1941
1.FCNuernberg,DZA,93/94,920
1.FCSaarbruecken,ASM,93/94,202
1.FSVMainz05,AND,93/94,0
1860Muenchen,AGO,93/94,548
1899Hoffenheim,ATG,93/94,0
AlemanniaAachen,ARG,93/94,140
ArminiaBielefeld,ARM,93/94,301
Bayer04Leverkusen,ABW,93/94,768
BayerUerdingen,AUS,93/94,574
BayernMuenchen,AUT,93/94,2172
Blau-Wei§90Berlin,AZE,93/94,36
BorussiaDortmund,BHS,93/94,1595
BorussiaMoenchengladbach,BHR,93/94,1913
BorussiaNeunkirchen,BGD,93/94,109
Darmstadt98,BRB,93/94,86
DynamoDresden,BLR,93/94,99
EintrachtBraunschweig,BEL,93/94,908
EintrachtFrankfurt,BLZ,93/94,1832
EnergieCottbus,BEN,93/94,0
FCAugsburg,BMU,93/94,0
FCHomburg,BTN,93/94,103
FCIngolstadt04,BOL,93/94,0
FCSt.Pauli,BIH,93/94,149
FortunaDuesseldorf,BWA,93/94,1055
FortunaKoeln,BRA,93/94,46
HamburgerSV,VGB,93/94,1842
Hannover96,BRN,93/94,683
HansaRostock,BGR,93/94,43
HerthaBSCBerlin,BFA,93/94,794
KarlsruherSC,BDI,93/94,818
KickersOffenbach,CPV,93/94,368
MeidericherSV,KHM,93/94,176
MSVDuisburg,CMR,93/94,842
Preu§enMuenster,CAN,93/94,34
RBLeipzig,CYM,93/94,0
Rot-Wei§Essen,CAF,93/94,346
Rot-Wei§Oberhausen,TCD,93/94,182
SCFreiburg,CHI,93/94,54
SCPaderborn07,CHL,93/94,31
Schalke04,CHN,93/94,1311
SpVggGreutherFuerth,COL,93/94,0
SpVggUnterhaching,COM,93/94,0
SSVUlm,COD,93/94,0
StuttgarterKickers,COG,93/94,94
SVDarmstadt98,CRI,93/94,0
TasmaniaBerlin,CIV,93/94,15
TennisBorussiaBerlin,HRV,93/94,85
VfBLeipzig,CUB,93/94,32
VfBStuttgart,CUW,93/94,1754
VfLBochum,CYP,93/94,1066
VfLWolfsburg,CZE,93/94,0
WaldhofMannheim,DNK,93/94,299
Wattenscheid09,DJI,93/94,186
WerderBremen,DMA,93/94,1707
1.FCKaiserslautern,AFG,94/95,1797
1.FCKoeln,ALB,94/95,1995
1.FCNuernberg,DZA,94/95,920
1.FCSaarbruecken,ASM,94/95,202
1.FSVMainz05,AND,94/95,0
1860Muenchen,AGO,94/95,589
1899Hoffenheim,ATG,94/95,0
AlemanniaAachen,ARG,94/95,140
ArminiaBielefeld,ARM,94/95,301
Bayer04Leverkusen,ABW,94/95,830
BayerUerdingen,AUS,94/95,611
BayernMuenchen,AUT,94/95,2227
Blau-Wei§90Berlin,AZE,94/95,36
BorussiaDortmund,BHS,94/95,1662
BorussiaMoenchengladbach,BHR,94/95,1979
BorussiaNeunkirchen,BGD,94/95,109
Darmstadt98,BRB,94/95,86
DynamoDresden,BLR,94/95,132
EintrachtBraunschweig,BEL,94/95,908
EintrachtFrankfurt,BLZ,94/95,1873
EnergieCottbus,BEN,94/95,0
FCAugsburg,BMU,94/95,0
FCHomburg,BTN,94/95,103
FCIngolstadt04,BOL,94/95,0
FCSt.Pauli,BIH,94/95,149
FortunaDuesseldorf,BWA,94/95,1055
FortunaKoeln,BRA,94/95,46
HamburgerSV,VGB,94/95,1885
Hannover96,BRN,94/95,683
HansaRostock,BGR,94/95,43
HerthaBSCBerlin,BFA,94/95,794
KarlsruherSC,BDI,94/95,869
KickersOffenbach,CPV,94/95,368
MeidericherSV,KHM,94/95,176
MSVDuisburg,CMR,94/95,873
Preu§enMuenster,CAN,94/95,34
RBLeipzig,CYM,94/95,0
Rot-Wei§Essen,CAF,94/95,346
Rot-Wei§Oberhausen,TCD,94/95,182
SCFreiburg,CHI,94/95,120
SCPaderborn07,CHL,94/95,31
Schalke04,CHN,94/95,1359
SpVggGreutherFuerth,COL,94/95,0
SpVggUnterhaching,COM,94/95,0
SSVUlm,COD,94/95,0
StuttgarterKickers,COG,94/95,94
SVDarmstadt98,CRI,94/95,0
TasmaniaBerlin,CIV,94/95,15
TennisBorussiaBerlin,HRV,94/95,85
VfBLeipzig,CUB,94/95,32
VfBStuttgart,CUW,94/95,1806
VfLBochum,CYP,94/95,1109
VfLWolfsburg,CZE,94/95,0
WaldhofMannheim,DNK,94/95,299
Wattenscheid09,DJI,94/95,186
WerderBremen,DMA,94/95,1777
1.FCKaiserslautern,AFG,95/96,1828
1.FCKoeln,ALB,95/96,2028
1.FCNuernberg,DZA,95/96,920
1.FCSaarbruecken,ASM,95/96,202
1.FSVMainz05,AND,95/96,0
1860Muenchen,AGO,95/96,641
1899Hoffenheim,ATG,95/96,0
AlemanniaAachen,ARG,95/96,140
ArminiaBielefeld,ARM,95/96,301
Bayer04Leverkusen,ABW,95/96,867
BayerUerdingen,AUS,95/96,644
BayernMuenchen,AUT,95/96,2293
Blau-Wei§90Berlin,AZE,95/96,36
BorussiaDortmund,BHS,95/96,1738
BorussiaMoenchengladbach,BHR,95/96,2031
BorussiaNeunkirchen,BGD,95/96,109
Darmstadt98,BRB,95/96,86
DynamoDresden,BLR,95/96,132
EintrachtBraunschweig,BEL,95/96,908
EintrachtFrankfurt,BLZ,95/96,1916
EnergieCottbus,BEN,95/96,0
FCAugsburg,BMU,95/96,0
FCHomburg,BTN,95/96,103
FCIngolstadt04,BOL,95/96,0
FCSt.Pauli,BIH,95/96,192
FortunaDuesseldorf,BWA,95/96,1095
FortunaKoeln,BRA,95/96,46
HamburgerSV,VGB,95/96,1937
Hannover96,BRN,95/96,683
HansaRostock,BGR,95/96,90
HerthaBSCBerlin,BFA,95/96,794
KarlsruherSC,BDI,95/96,922
KickersOffenbach,CPV,95/96,368
MeidericherSV,KHM,95/96,176
MSVDuisburg,CMR,95/96,873
Preu§enMuenster,CAN,95/96,34
RBLeipzig,CYM,95/96,0
Rot-Wei§Essen,CAF,95/96,346
Rot-Wei§Oberhausen,TCD,95/96,182
SCFreiburg,CHI,95/96,150
SCPaderborn07,CHL,95/96,31
Schalke04,CHN,95/96,1404
SpVggGreutherFuerth,COL,95/96,0
SpVggUnterhaching,COM,95/96,0
SSVUlm,COD,95/96,0
StuttgarterKickers,COG,95/96,94
SVDarmstadt98,CRI,95/96,0
TasmaniaBerlin,CIV,95/96,15
TennisBorussiaBerlin,HRV,95/96,85
VfBLeipzig,CUB,95/96,32
VfBStuttgart,CUW,95/96,1865
VfLBochum,CYP,95/96,1109
VfLWolfsburg,CZE,95/96,0
WaldhofMannheim,DNK,95/96,299
Wattenscheid09,DJI,95/96,186
WerderBremen,DMA,95/96,1816
1.FCKaiserslautern,AFG,96/97,1828
1.FCKoeln,ALB,96/97,2090
1.FCNuernberg,DZA,96/97,920
1.FCSaarbruecken,ASM,96/97,202
1.FSVMainz05,AND,96/97,0
1860Muenchen,AGO,96/97,697
1899Hoffenheim,ATG,96/97,0
AlemanniaAachen,ARG,96/97,140
ArminiaBielefeld,ARM,96/97,347
Bayer04Leverkusen,ABW,96/97,936
BayerUerdingen,AUS,96/97,644
BayernMuenchen,AUT,96/97,2361
Blau-Wei§90Berlin,AZE,96/97,36
BorussiaDortmund,BHS,96/97,1801
BorussiaMoenchengladbach,BHR,96/97,2077
BorussiaNeunkirchen,BGD,96/97,109
Darmstadt98,BRB,96/97,86
DynamoDresden,BLR,96/97,132
EintrachtBraunschweig,BEL,96/97,908
EintrachtFrankfurt,BLZ,96/97,1916
EnergieCottbus,BEN,96/97,0
FCAugsburg,BMU,96/97,0
FCHomburg,BTN,96/97,103
FCIngolstadt04,BOL,96/97,0
FCSt.Pauli,BIH,96/97,224
FortunaDuesseldorf,BWA,96/97,1121
FortunaKoeln,BRA,96/97,46
HamburgerSV,VGB,96/97,1983
Hannover96,BRN,96/97,683
HansaRostock,BGR,96/97,125
HerthaBSCBerlin,BFA,96/97,794
KarlsruherSC,BDI,96/97,977
KickersOffenbach,CPV,96/97,368
MeidericherSV,KHM,96/97,176
MSVDuisburg,CMR,96/97,917
Preu§enMuenster,CAN,96/97,34
RBLeipzig,CYM,96/97,0
Rot-Wei§Essen,CAF,96/97,346
Rot-Wei§Oberhausen,TCD,96/97,182
SCFreiburg,CHI,96/97,193
SCPaderborn07,CHL,96/97,31
Schalke04,CHN,96/97,1439
SpVggGreutherFuerth,COL,96/97,0
SpVggUnterhaching,COM,96/97,0
SSVUlm,COD,96/97,0
StuttgarterKickers,COG,96/97,94
SVDarmstadt98,CRI,96/97,0
TasmaniaBerlin,CIV,96/97,15
TennisBorussiaBerlin,HRV,96/97,85
VfBLeipzig,CUB,96/97,32
VfBStuttgart,CUW,96/97,1943
VfLBochum,CYP,96/97,1163
VfLWolfsburg,CZE,96/97,0
WaldhofMannheim,DNK,96/97,299
Wattenscheid09,DJI,96/97,186
WerderBremen,DMA,96/97,1869
1.FCKaiserslautern,AFG,97/98,1891
1.FCKoeln,ALB,97/98,2139
1.FCNuernberg,DZA,97/98,920
1.FCSaarbruecken,ASM,97/98,202
1.FSVMainz05,AND,97/98,0
1860Muenchen,AGO,97/98,740
1899Hoffenheim,ATG,97/98,0
AlemanniaAachen,ARG,97/98,140
ArminiaBielefeld,ARM,97/98,390
Bayer04Leverkusen,ABW,97/98,1002
BayerUerdingen,AUS,97/98,644
BayernMuenchen,AUT,97/98,2430
Blau-Wei§90Berlin,AZE,97/98,36
BorussiaDortmund,BHS,97/98,1858
BorussiaMoenchengladbach,BHR,97/98,2131
BorussiaNeunkirchen,BGD,97/98,109
Darmstadt98,BRB,97/98,86
DynamoDresden,BLR,97/98,132
EintrachtBraunschweig,BEL,97/98,908
EintrachtFrankfurt,BLZ,97/98,1916
EnergieCottbus,BEN,97/98,0
FCAugsburg,BMU,97/98,0
FCHomburg,BTN,97/98,103
FCIngolstadt04,BOL,97/98,0
FCSt.Pauli,BIH,97/98,224
FortunaDuesseldorf,BWA,97/98,1121
FortunaKoeln,BRA,97/98,46
HamburgerSV,VGB,97/98,2021
Hannover96,BRN,97/98,683
HansaRostock,BGR,97/98,179
HerthaBSCBerlin,BFA,97/98,835
KarlsruherSC,BDI,97/98,1025
KickersOffenbach,CPV,97/98,368
MeidericherSV,KHM,97/98,176
MSVDuisburg,CMR,97/98,960
Preu§enMuenster,CAN,97/98,34
RBLeipzig,CYM,97/98,0
Rot-Wei§Essen,CAF,97/98,346
Rot-Wei§Oberhausen,TCD,97/98,182
SCFreiburg,CHI,97/98,193
SCPaderborn07,CHL,97/98,31
Schalke04,CHN,97/98,1477
SpVggGreutherFuerth,COL,97/98,0
SpVggUnterhaching,COM,97/98,0
SSVUlm,COD,97/98,0
StuttgarterKickers,COG,97/98,94
SVDarmstadt98,CRI,97/98,0
TasmaniaBerlin,CIV,97/98,15
TennisBorussiaBerlin,HRV,97/98,85
VfBLeipzig,CUB,97/98,32
VfBStuttgart,CUW,97/98,1998
VfLBochum,CYP,97/98,1204
VfLWolfsburg,CZE,97/98,38
WaldhofMannheim,DNK,97/98,299
Wattenscheid09,DJI,97/98,186
WerderBremen,DMA,97/98,1912
1.FCKaiserslautern,AFG,98/99,1942
1.FCKoeln,ALB,98/99,2139
1.FCNuernberg,DZA,98/99,960
1.FCSaarbruecken,ASM,98/99,202
1.FSVMainz05,AND,98/99,0
1860Muenchen,AGO,98/99,789
1899Hoffenheim,ATG,98/99,0
AlemanniaAachen,ARG,98/99,140
ArminiaBielefeld,ARM,98/99,390
Bayer04Leverkusen,ABW,98/99,1063
BayerUerdingen,AUS,98/99,644
BayernMuenchen,AUT,98/99,2506
Blau-Wei§90Berlin,AZE,98/99,36
BorussiaDortmund,BHS,98/99,1906
BorussiaMoenchengladbach,BHR,98/99,2172
BorussiaNeunkirchen,BGD,98/99,109
Darmstadt98,BRB,98/99,86
DynamoDresden,BLR,98/99,132
EintrachtBraunschweig,BEL,98/99,908
EintrachtFrankfurt,BLZ,98/99,1960
EnergieCottbus,BEN,98/99,0
FCAugsburg,BMU,98/99,0
FCHomburg,BTN,98/99,103
FCIngolstadt04,BOL,98/99,0
FCSt.Pauli,BIH,98/99,224
FortunaDuesseldorf,BWA,98/99,1121
FortunaKoeln,BRA,98/99,46
HamburgerSV,VGB,98/99,2068
Hannover96,BRN,98/99,683
HansaRostock,BGR,98/99,228
HerthaBSCBerlin,BFA,98/99,894
KarlsruherSC,BDI,98/99,1025
KickersOffenbach,CPV,98/99,368
MeidericherSV,KHM,98/99,176
MSVDuisburg,CMR,98/99,1008
Preu§enMuenster,CAN,98/99,34
RBLeipzig,CYM,98/99,0
Rot-Wei§Essen,CAF,98/99,346
Rot-Wei§Oberhausen,TCD,98/99,182
SCFreiburg,CHI,98/99,229
SCPaderborn07,CHL,98/99,31
Schalke04,CHN,98/99,1518
SpVggGreutherFuerth,COL,98/99,0
SpVggUnterhaching,COM,98/99,0
SSVUlm,COD,98/99,0
StuttgarterKickers,COG,98/99,94
SVDarmstadt98,CRI,98/99,0
TasmaniaBerlin,CIV,98/99,15
TennisBorussiaBerlin,HRV,98/99,85
VfBLeipzig,CUB,98/99,32
VfBStuttgart,CUW,98/99,2039
VfLBochum,CYP,98/99,1244
VfLWolfsburg,CZE,98/99,92
WaldhofMannheim,DNK,98/99,299
Wattenscheid09,DJI,98/99,186
WerderBremen,DMA,98/99,1953
1.FCKaiserslautern,AFG,99/00,1996
1.FCKoeln,ALB,99/00,2139
1.FCNuernberg,DZA,99/00,960
1.FCSaarbruecken,ASM,99/00,202
1.FSVMainz05,AND,99/00,0
1860Muenchen,AGO,99/00,844
1899Hoffenheim,ATG,99/00,0
AlemanniaAachen,ARG,99/00,140
ArminiaBielefeld,ARM,99/00,430
Bayer04Leverkusen,ABW,99/00,1137
BayerUerdingen,AUS,99/00,644
BayernMuenchen,AUT,99/00,2579
Blau-Wei§90Berlin,AZE,99/00,36
BorussiaDortmund,BHS,99/00,1947
BorussiaMoenchengladbach,BHR,99/00,2172
BorussiaNeunkirchen,BGD,99/00,109
Darmstadt98,BRB,99/00,86
DynamoDresden,BLR,99/00,132
EintrachtBraunschweig,BEL,99/00,908
EintrachtFrankfurt,BLZ,99/00,2002
EnergieCottbus,BEN,99/00,0
FCAugsburg,BMU,99/00,0
FCHomburg,BTN,99/00,103
FCIngolstadt04,BOL,99/00,0
FCSt.Pauli,BIH,99/00,224
FortunaDuesseldorf,BWA,99/00,1121
FortunaKoeln,BRA,99/00,46
HamburgerSV,VGB,99/00,2131
Hannover96,BRN,99/00,683
HansaRostock,BGR,99/00,272
HerthaBSCBerlin,BFA,99/00,933
KarlsruherSC,BDI,99/00,1025
KickersOffenbach,CPV,99/00,368
MeidericherSV,KHM,99/00,176
MSVDuisburg,CMR,99/00,1045
Preu§enMuenster,CAN,99/00,34
RBLeipzig,CYM,99/00,0
Rot-Wei§Essen,CAF,99/00,346
Rot-Wei§Oberhausen,TCD,99/00,182
SCFreiburg,CHI,99/00,274
SCPaderborn07,CHL,99/00,31
Schalke04,CHN,99/00,1560
SpVggGreutherFuerth,COL,99/00,0
SpVggUnterhaching,COM,99/00,40
SSVUlm,COD,99/00,36
StuttgarterKickers,COG,99/00,94
SVDarmstadt98,CRI,99/00,0
TasmaniaBerlin,CIV,99/00,15
TennisBorussiaBerlin,HRV,99/00,85
VfBLeipzig,CUB,99/00,32
VfBStuttgart,CUW,99/00,2083
VfLBochum,CYP,99/00,1244
VfLWolfsburg,CZE,99/00,143
WaldhofMannheim,DNK,99/00,299
Wattenscheid09,DJI,99/00,186
WerderBremen,DMA,99/00,2018
1.FCKaiserslautern,AFG,00/01,2045
1.FCKoeln,ALB,00/01,2198
1.FCNuernberg,DZA,00/01,994
1.FCSaarbruecken,ASM,00/01,202
1.FSVMainz05,AND,00/01,0
1860Muenchen,AGO,00/01,887
1899Hoffenheim,ATG,00/01,0
AlemanniaAachen,ARG,00/01,140
ArminiaBielefeld,ARM,00/01,430
Bayer04Leverkusen,ABW,00/01,1191
BayerUerdingen,AUS,00/01,644
BayernMuenchen,AUT,00/01,2641
Blau-Wei§90Berlin,AZE,00/01,36
BorussiaDortmund,BHS,00/01,2009
BorussiaMoenchengladbach,BHR,00/01,2172
BorussiaNeunkirchen,BGD,00/01,109
Darmstadt98,BRB,00/01,86
DynamoDresden,BLR,00/01,132
EintrachtBraunschweig,BEL,00/01,908
EintrachtFrankfurt,BLZ,00/01,2043
EnergieCottbus,BEN,00/01,38
FCAugsburg,BMU,00/01,0
FCHomburg,BTN,00/01,103
FCIngolstadt04,BOL,00/01,0
FCSt.Pauli,BIH,00/01,224
FortunaDuesseldorf,BWA,00/01,1121
FortunaKoeln,BRA,00/01,46
HamburgerSV,VGB,00/01,2189
Hannover96,BRN,00/01,683
HansaRostock,BGR,00/01,306
HerthaBSCBerlin,BFA,00/01,991
KarlsruherSC,BDI,00/01,1025
KickersOffenbach,CPV,00/01,368
MeidericherSV,KHM,00/01,176
MSVDuisburg,CMR,00/01,1045
Preu§enMuenster,CAN,00/01,34
RBLeipzig,CYM,00/01,0
Rot-Wei§Essen,CAF,00/01,346
Rot-Wei§Oberhausen,TCD,00/01,182
SCFreiburg,CHI,00/01,328
SCPaderborn07,CHL,00/01,31
Schalke04,CHN,00/01,1625
SpVggGreutherFuerth,COL,00/01,0
SpVggUnterhaching,COM,00/01,75
SSVUlm,COD,00/01,36
StuttgarterKickers,COG,00/01,94
SVDarmstadt98,CRI,00/01,0
TasmaniaBerlin,CIV,00/01,15
TennisBorussiaBerlin,HRV,00/01,85
VfBLeipzig,CUB,00/01,32
VfBStuttgart,CUW,00/01,2125
VfLBochum,CYP,00/01,1274
VfLWolfsburg,CZE,00/01,203
WaldhofMannheim,DNK,00/01,299
Wattenscheid09,DJI,00/01,186
WerderBremen,DMA,00/01,2071
1.FCKaiserslautern,AFG,43497,2107
1.FCKoeln,ALB,43497,2224
1.FCNuernberg,DZA,43497,1027
1.FCSaarbruecken,ASM,43497,202
1.FSVMainz05,AND,43497,0
1860Muenchen,AGO,43497,946
1899Hoffenheim,ATG,43497,0
AlemanniaAachen,ARG,43497,140
ArminiaBielefeld,ARM,43497,430
Bayer04Leverkusen,ABW,43497,1268
BayerUerdingen,AUS,43497,644
BayernMuenchen,AUT,43497,2706
Blau-Wei§90Berlin,AZE,43497,36
BorussiaDortmund,BHS,43497,2071
BorussiaMoenchengladbach,BHR,43497,2213
BorussiaNeunkirchen,BGD,43497,109
Darmstadt98,BRB,43497,86
DynamoDresden,BLR,43497,132
EintrachtBraunschweig,BEL,43497,908
EintrachtFrankfurt,BLZ,43497,2043
EnergieCottbus,BEN,43497,74
FCAugsburg,BMU,43497,0
FCHomburg,BTN,43497,103
FCIngolstadt04,BOL,43497,0
FCSt.Pauli,BIH,43497,261
FortunaDuesseldorf,BWA,43497,1121
FortunaKoeln,BRA,43497,46
HamburgerSV,VGB,43497,2240
Hannover96,BRN,43497,683
HansaRostock,BGR,43497,341
HerthaBSCBerlin,BFA,43497,1052
KarlsruherSC,BDI,43497,1025
KickersOffenbach,CPV,43497,368
MeidericherSV,KHM,43497,176
MSVDuisburg,CMR,43497,1045
Preu§enMuenster,CAN,43497,34
RBLeipzig,CYM,43497,0
Rot-Wei§Essen,CAF,43497,346
Rot-Wei§Oberhausen,TCD,43497,182
SCFreiburg,CHI,43497,365
SCPaderborn07,CHL,43497,31
Schalke04,CHN,43497,1677
SpVggGreutherFuerth,COL,43497,0
SpVggUnterhaching,COM,43497,75
SSVUlm,COD,43497,36
StuttgarterKickers,COG,43497,94
SVDarmstadt98,CRI,43497,0
TasmaniaBerlin,CIV,43497,15
TennisBorussiaBerlin,HRV,43497,85
VfBLeipzig,CUB,43497,32
VfBStuttgart,CUW,43497,2172
VfLBochum,CYP,43497,1274
VfLWolfsburg,CZE,43497,260
WaldhofMannheim,DNK,43497,299
Wattenscheid09,DJI,43497,186
WerderBremen,DMA,43497,2125
1.FCKaiserslautern,AFG,43526,2147
1.FCKoeln,ALB,43526,2224
1.FCNuernberg,DZA,43526,1027
1.FCSaarbruecken,ASM,43526,202
1.FSVMainz05,AND,43526,0
1860Muenchen,AGO,43526,990
1899Hoffenheim,ATG,43526,0
AlemanniaAachen,ARG,43526,140
ArminiaBielefeld,ARM,43526,465
Bayer04Leverkusen,ABW,43526,1315
BayerUerdingen,AUS,43526,644
BayernMuenchen,AUT,43526,2776
Blau-Wei§90Berlin,AZE,43526,36
BorussiaDortmund,BHS,43526,2122
BorussiaMoenchengladbach,BHR,43526,2256
BorussiaNeunkirchen,BGD,43526,109
Darmstadt98,BRB,43526,86
DynamoDresden,BLR,43526,132
EintrachtBraunschweig,BEL,43526,908
EintrachtFrankfurt,BLZ,43526,2043
EnergieCottbus,BEN,43526,108
FCAugsburg,BMU,43526,0
FCHomburg,BTN,43526,103
FCIngolstadt04,BOL,43526,0
FCSt.Pauli,BIH,43526,261
FortunaDuesseldorf,BWA,43526,1121
FortunaKoeln,BRA,43526,46
HamburgerSV,VGB,43526,2286
Hannover96,BRN,43526,730
HansaRostock,BGR,43526,376
HerthaBSCBerlin,BFA,43526,1104
KarlsruherSC,BDI,43526,1025
KickersOffenbach,CPV,43526,368
MeidericherSV,KHM,43526,176
MSVDuisburg,CMR,43526,1045
Preu§enMuenster,CAN,43526,34
RBLeipzig,CYM,43526,0
Rot-Wei§Essen,CAF,43526,346
Rot-Wei§Oberhausen,TCD,43526,182
SCFreiburg,CHI,43526,365
SCPaderborn07,CHL,43526,31
Schalke04,CHN,43526,1723
SpVggGreutherFuerth,COL,43526,0
SpVggUnterhaching,COM,43526,75
SSVUlm,COD,43526,36
StuttgarterKickers,COG,43526,94
SVDarmstadt98,CRI,43526,0
TasmaniaBerlin,CIV,43526,15
TennisBorussiaBerlin,HRV,43526,85
VfBLeipzig,CUB,43526,32
VfBStuttgart,CUW,43526,2225
VfLBochum,CYP,43526,1329
VfLWolfsburg,CZE,43526,299
WaldhofMannheim,DNK,43526,299
Wattenscheid09,DJI,43526,186
WerderBremen,DMA,43526,2176
1.FCKaiserslautern,AFG,43558,2186
1.FCKoeln,ALB,43558,2256
1.FCNuernberg,DZA,43558,1027
1.FCSaarbruecken,ASM,43558,202
1.FSVMainz05,AND,43558,0
1860Muenchen,AGO,43558,1022
1899Hoffenheim,ATG,43558,0
AlemanniaAachen,ARG,43558,140
ArminiaBielefeld,ARM,43558,465
Bayer04Leverkusen,ABW,43558,1388
BayerUerdingen,AUS,43558,644
BayernMuenchen,AUT,43558,2846
Blau-Wei§90Berlin,AZE,43558,36
BorussiaDortmund,BHS,43558,2181
BorussiaMoenchengladbach,BHR,43558,2296
BorussiaNeunkirchen,BGD,43558,109
Darmstadt98,BRB,43558,86
DynamoDresden,BLR,43558,132
EintrachtBraunschweig,BEL,43558,908
EintrachtFrankfurt,BLZ,43558,2079
EnergieCottbus,BEN,43558,108
FCAugsburg,BMU,43558,0
FCHomburg,BTN,43558,103
FCIngolstadt04,BOL,43558,0
FCSt.Pauli,BIH,43558,261
FortunaDuesseldorf,BWA,43558,1121
FortunaKoeln,BRA,43558,46
HamburgerSV,VGB,43558,2333
Hannover96,BRN,43558,779
HansaRostock,BGR,43558,431
HerthaBSCBerlin,BFA,43558,1146
KarlsruherSC,BDI,43558,1025
KickersOffenbach,CPV,43558,368
MeidericherSV,KHM,43558,176
MSVDuisburg,CMR,43558,1045
Preu§enMuenster,CAN,43558,34
RBLeipzig,CYM,43558,0
Rot-Wei§Essen,CAF,43558,346
Rot-Wei§Oberhausen,TCD,43558,182
SCFreiburg,CHI,43558,407
SCPaderborn07,CHL,43558,31
Schalke04,CHN,43558,1772
SpVggGreutherFuerth,COL,43558,0
SpVggUnterhaching,COM,43558,75
SSVUlm,COD,43558,36
StuttgarterKickers,COG,43558,94
SVDarmstadt98,CRI,43558,0
TasmaniaBerlin,CIV,43558,15
TennisBorussiaBerlin,HRV,43558,85
VfBLeipzig,CUB,43558,32
VfBStuttgart,CUW,43558,2277
VfLBochum,CYP,43558,1386
VfLWolfsburg,CZE,43558,355
WaldhofMannheim,DNK,43558,299
Wattenscheid09,DJI,43558,186
WerderBremen,DMA,43558,2255
1.FCKaiserslautern,AFG,43589,2229
1.FCKoeln,ALB,43589,2256
1.FCNuernberg,DZA,43589,1082
1.FCSaarbruecken,ASM,43589,202
1.FSVMainz05,AND,43589,50
1860Muenchen,AGO,43589,1022
1899Hoffenheim,ATG,43589,0
AlemanniaAachen,ARG,43589,140
ArminiaBielefeld,ARM,43589,502
Bayer04Leverkusen,ABW,43589,1453
BayerUerdingen,AUS,43589,644
BayernMuenchen,AUT,43589,2921
Blau-Wei§90Berlin,AZE,43589,36
BorussiaDortmund,BHS,43589,2228
BorussiaMoenchengladbach,BHR,43589,2331
BorussiaNeunkirchen,BGD,43589,109
Darmstadt98,BRB,43589,86
DynamoDresden,BLR,43589,132
EintrachtBraunschweig,BEL,43589,908
EintrachtFrankfurt,BLZ,43589,2079
EnergieCottbus,BEN,43589,108
FCAugsburg,BMU,43589,0
FCHomburg,BTN,43589,103
FCIngolstadt04,BOL,43589,0
FCSt.Pauli,BIH,43589,261
FortunaDuesseldorf,BWA,43589,1121
FortunaKoeln,BRA,43589,46
HamburgerSV,VGB,43589,2388
Hannover96,BRN,43589,813
HansaRostock,BGR,43589,462
HerthaBSCBerlin,BFA,43589,1205
KarlsruherSC,BDI,43589,1025
KickersOffenbach,CPV,43589,368
MeidericherSV,KHM,43589,176
MSVDuisburg,CMR,43589,1045
Preu§enMuenster,CAN,43589,34
RBLeipzig,CYM,43589,0
Rot-Wei§Essen,CAF,43589,346
Rot-Wei§Oberhausen,TCD,43589,182
SCFreiburg,CHI,43589,437
SCPaderborn07,CHL,43589,31
Schalke04,CHN,43589,1828
SpVggGreutherFuerth,COL,43589,0
SpVggUnterhaching,COM,43589,75
SSVUlm,COD,43589,36
StuttgarterKickers,COG,43589,94
SVDarmstadt98,CRI,43589,0
TasmaniaBerlin,CIV,43589,15
TennisBorussiaBerlin,HRV,43589,85
VfBLeipzig,CUB,43589,32
VfBStuttgart,CUW,43589,2331
VfLBochum,CYP,43589,1433
VfLWolfsburg,CZE,43589,404
WaldhofMannheim,DNK,43589,299
Wattenscheid09,DJI,43589,186
WerderBremen,DMA,43589,2323
1.FCKaiserslautern,AFG,43621,2276
1.FCKoeln,ALB,43621,2305
1.FCNuernberg,DZA,43621,1131
1.FCSaarbruecken,ASM,43621,202
1.FSVMainz05,AND,43621,96
1860Muenchen,AGO,43621,1022
1899Hoffenheim,ATG,43621,0
AlemanniaAachen,ARG,43621,140
ArminiaBielefeld,ARM,43621,534
Bayer04Leverkusen,ABW,43621,1517
BayerUerdingen,AUS,43621,644
BayernMuenchen,AUT,43621,2988
Blau-Wei§90Berlin,AZE,43621,36
BorussiaDortmund,BHS,43621,2273
BorussiaMoenchengladbach,BHR,43621,2373
BorussiaNeunkirchen,BGD,43621,109
Darmstadt98,BRB,43621,86
DynamoDresden,BLR,43621,132
EintrachtBraunschweig,BEL,43621,908
EintrachtFrankfurt,BLZ,43621,2121
EnergieCottbus,BEN,43621,108
FCAugsburg,BMU,43621,0
FCHomburg,BTN,43621,103
FCIngolstadt04,BOL,43621,0
FCSt.Pauli,BIH,43621,261
FortunaDuesseldorf,BWA,43621,1121
FortunaKoeln,BRA,43621,46
HamburgerSV,VGB,43621,2441
Hannover96,BRN,43621,856
HansaRostock,BGR,43621,462
HerthaBSCBerlin,BFA,43621,1257
KarlsruherSC,BDI,43621,1025
KickersOffenbach,CPV,43621,368
MeidericherSV,KHM,43621,176
MSVDuisburg,CMR,43621,1079
Preu§enMuenster,CAN,43621,34
RBLeipzig,CYM,43621,0
Rot-Wei§Essen,CAF,43621,346
Rot-Wei§Oberhausen,TCD,43621,182
SCFreiburg,CHI,43621,437
SCPaderborn07,CHL,43621,31
Schalke04,CHN,43621,1875
SpVggGreutherFuerth,COL,43621,0
SpVggUnterhaching,COM,43621,75
SSVUlm,COD,43621,36
StuttgarterKickers,COG,43621,94
SVDarmstadt98,CRI,43621,0
TasmaniaBerlin,CIV,43621,15
TennisBorussiaBerlin,HRV,43621,85
VfBLeipzig,CUB,43621,32
VfBStuttgart,CUW,43621,2368
VfLBochum,CYP,43621,1433
VfLWolfsburg,CZE,43621,437
WaldhofMannheim,DNK,43621,299
Wattenscheid09,DJI,43621,186
WerderBremen,DMA,43621,2402
1.FCKaiserslautern,AFG,43652,2276
1.FCKoeln,ALB,43652,2305
1.FCNuernberg,DZA,43652,1174
1.FCSaarbruecken,ASM,43652,202
1.FSVMainz05,AND,43652,130
1860Muenchen,AGO,43652,1022
1899Hoffenheim,ATG,43652,0
AlemanniaAachen,ARG,43652,186
ArminiaBielefeld,ARM,43652,581
Bayer04Leverkusen,ABW,43652,1571
BayerUerdingen,AUS,43652,644
BayernMuenchen,AUT,43652,3043
Blau-Wei§90Berlin,AZE,43652,36
BorussiaDortmund,BHS,43652,2314
BorussiaMoenchengladbach,BHR,43652,2396
BorussiaNeunkirchen,BGD,43652,109
Darmstadt98,BRB,43652,86
DynamoDresden,BLR,43652,132
EintrachtBraunschweig,BEL,43652,908
EintrachtFrankfurt,BLZ,43652,2167
EnergieCottbus,BEN,43652,146
FCAugsburg,BMU,43652,0
FCHomburg,BTN,43652,103
FCIngolstadt04,BOL,43652,0
FCSt.Pauli,BIH,43652,261
FortunaDuesseldorf,BWA,43652,1121
FortunaKoeln,BRA,43652,46
HamburgerSV,VGB,43652,2484
Hannover96,BRN,43652,897
HansaRostock,BGR,43652,462
HerthaBSCBerlin,BFA,43652,1307
KarlsruherSC,BDI,43652,1025
KickersOffenbach,CPV,43652,368
MeidericherSV,KHM,43652,176
MSVDuisburg,CMR,43652,1079
Preu§enMuenster,CAN,43652,34
RBLeipzig,CYM,43652,0
Rot-Wei§Essen,CAF,43652,346
Rot-Wei§Oberhausen,TCD,43652,182
SCFreiburg,CHI,43652,437
SCPaderborn07,CHL,43652,31
Schalke04,CHN,43652,1928
SpVggGreutherFuerth,COL,43652,0
SpVggUnterhaching,COM,43652,75
SSVUlm,COD,43652,36
StuttgarterKickers,COG,43652,94
SVDarmstadt98,CRI,43652,0
TasmaniaBerlin,CIV,43652,15
TennisBorussiaBerlin,HRV,43652,85
VfBLeipzig,CUB,43652,32
VfBStuttgart,CUW,43652,2429
VfLBochum,CYP,43652,1482
VfLWolfsburg,CZE,43652,474
WaldhofMannheim,DNK,43652,299
Wattenscheid09,DJI,43652,186
WerderBremen,DMA,43652,2478
1.FCKaiserslautern,AFG,43684,2276
1.FCKoeln,ALB,43684,2305
1.FCNuernberg,DZA,43684,1209
1.FCSaarbruecken,ASM,43684,202
1.FSVMainz05,AND,43684,130
1860Muenchen,AGO,43684,1022
1899Hoffenheim,ATG,43684,0
AlemanniaAachen,ARG,43684,186
ArminiaBielefeld,ARM,43684,616
Bayer04Leverkusen,ABW,43684,1628
BayerUerdingen,AUS,43684,644
BayernMuenchen,AUT,43684,3111
Blau-Wei§90Berlin,AZE,43684,36
BorussiaDortmund,BHS,43684,2364
BorussiaMoenchengladbach,BHR,43684,2396
BorussiaNeunkirchen,BGD,43684,109
Darmstadt98,BRB,43684,86
DynamoDresden,BLR,43684,132
EintrachtBraunschweig,BEL,43684,908
EintrachtFrankfurt,BLZ,43684,2210
EnergieCottbus,BEN,43684,181
FCAugsburg,BMU,43684,0
FCHomburg,BTN,43684,103
FCIngolstadt04,BOL,43684,0
FCSt.Pauli,BIH,43684,261
FortunaDuesseldorf,BWA,43684,1121
FortunaKoeln,BRA,43684,46
HamburgerSV,VGB,43684,2531
Hannover96,BRN,43684,951
HansaRostock,BGR,43684,492
HerthaBSCBerlin,BFA,43684,1346
KarlsruherSC,BDI,43684,1063
KickersOffenbach,CPV,43684,368
MeidericherSV,KHM,43684,176
MSVDuisburg,CMR,43684,1115
Preu§enMuenster,CAN,43684,34
RBLeipzig,CYM,43684,0
Rot-Wei§Essen,CAF,43684,346
Rot-Wei§Oberhausen,TCD,43684,182
SCFreiburg,CHI,43684,437
SCPaderborn07,CHL,43684,31
Schalke04,CHN,43684,1983
SpVggGreutherFuerth,COL,43684,0
SpVggUnterhaching,COM,43684,75
SSVUlm,COD,43684,36
StuttgarterKickers,COG,43684,94
SVDarmstadt98,CRI,43684,0
TasmaniaBerlin,CIV,43684,15
TennisBorussiaBerlin,HRV,43684,85
VfBLeipzig,CUB,43684,32
VfBStuttgart,CUW,43684,2486
VfLBochum,CYP,43684,1530
VfLWolfsburg,CZE,43684,532
WaldhofMannheim,DNK,43684,299
Wattenscheid09,DJI,43684,186
WerderBremen,DMA,43684,2553
1.FCKaiserslautern,AFG,43716,2276
1.FCKoeln,ALB,43716,2340
1.FCNuernberg,DZA,43716,1209
1.FCSaarbruecken,ASM,43716,202
1.FSVMainz05,AND,43716,130
1860Muenchen,AGO,43716,1022
1899Hoffenheim,ATG,43716,63
AlemanniaAachen,ARG,43716,186
ArminiaBielefeld,ARM,43716,645
Bayer04Leverkusen,ABW,43716,1687
BayerUerdingen,AUS,43716,644
BayernMuenchen,AUT,43716,3182
Blau-Wei§90Berlin,AZE,43716,36
BorussiaDortmund,BHS,43716,2424
BorussiaMoenchengladbach,BHR,43716,2435
BorussiaNeunkirchen,BGD,43716,109
Darmstadt98,BRB,43716,86
DynamoDresden,BLR,43716,132
EintrachtBraunschweig,BEL,43716,908
EintrachtFrankfurt,BLZ,43716,2249
EnergieCottbus,BEN,43716,211
FCAugsburg,BMU,43716,0
FCHomburg,BTN,43716,103
FCIngolstadt04,BOL,43716,0
FCSt.Pauli,BIH,43716,261
FortunaDuesseldorf,BWA,43716,1121
FortunaKoeln,BRA,43716,46
HamburgerSV,VGB,43716,2580
Hannover96,BRN,43716,1000
HansaRostock,BGR,43716,492
HerthaBSCBerlin,BFA,43716,1394
KarlsruherSC,BDI,43716,1093
KickersOffenbach,CPV,43716,368
MeidericherSV,KHM,43716,176
MSVDuisburg,CMR,43716,1115
Preu§enMuenster,CAN,43716,34
RBLeipzig,CYM,43716,0
Rot-Wei§Essen,CAF,43716,346
Rot-Wei§Oberhausen,TCD,43716,182
SCFreiburg,CHI,43716,437
SCPaderborn07,CHL,43716,31
Schalke04,CHN,43716,2030
SpVggGreutherFuerth,COL,43716,0
SpVggUnterhaching,COM,43716,75
SSVUlm,COD,43716,36
StuttgarterKickers,COG,43716,94
SVDarmstadt98,CRI,43716,0
TasmaniaBerlin,CIV,43716,15
TennisBorussiaBerlin,HRV,43716,85
VfBLeipzig,CUB,43716,32
VfBStuttgart,CUW,43716,2549
VfLBochum,CYP,43716,1569
VfLWolfsburg,CZE,43716,612
WaldhofMannheim,DNK,43716,299
Wattenscheid09,DJI,43716,186
WerderBremen,DMA,43716,2617
1.FCKaiserslautern,AFG,43747,2276
1.FCKoeln,ALB,43747,2373
1.FCNuernberg,DZA,43747,1241
1.FCSaarbruecken,ASM,43747,202
1.FSVMainz05,AND,43747,166
1860Muenchen,AGO,43747,1022
1899Hoffenheim,ATG,43747,107
AlemanniaAachen,ARG,43747,186
ArminiaBielefeld,ARM,43747,645
Bayer04Leverkusen,ABW,43747,1752
BayerUerdingen,AUS,43747,644
BayernMuenchen,AUT,43747,3254
Blau-Wei§90Berlin,AZE,43747,36
BorussiaDortmund,BHS,43747,2478
BorussiaMoenchengladbach,BHR,43747,2478
BorussiaNeunkirchen,BGD,43747,109
Darmstadt98,BRB,43747,86
DynamoDresden,BLR,43747,132
EintrachtBraunschweig,BEL,43747,908
EintrachtFrankfurt,BLZ,43747,2296
EnergieCottbus,BEN,43747,211
FCAugsburg,BMU,43747,0
FCHomburg,BTN,43747,103
FCIngolstadt04,BOL,43747,0
FCSt.Pauli,BIH,43747,261
FortunaDuesseldorf,BWA,43747,1121
FortunaKoeln,BRA,43747,46
HamburgerSV,VGB,43747,2636
Hannover96,BRN,43747,1043
HansaRostock,BGR,43747,492
HerthaBSCBerlin,BFA,43747,1428
KarlsruherSC,BDI,43747,1093
KickersOffenbach,CPV,43747,368
MeidericherSV,KHM,43747,176
MSVDuisburg,CMR,43747,1115
Preu§enMuenster,CAN,43747,34
RBLeipzig,CYM,43747,0
Rot-Wei§Essen,CAF,43747,346
Rot-Wei§Oberhausen,TCD,43747,182
SCFreiburg,CHI,43747,472
SCPaderborn07,CHL,43747,31
Schalke04,CHN,43747,2083
SpVggGreutherFuerth,COL,43747,0
SpVggUnterhaching,COM,43747,75
SSVUlm,COD,43747,36
StuttgarterKickers,COG,43747,94
SVDarmstadt98,CRI,43747,0
TasmaniaBerlin,CIV,43747,15
TennisBorussiaBerlin,HRV,43747,85
VfBLeipzig,CUB,43747,32
VfBStuttgart,CUW,43747,2600
VfLBochum,CYP,43747,1602
VfLWolfsburg,CZE,43747,676
WaldhofMannheim,DNK,43747,299
Wattenscheid09,DJI,43747,186
WerderBremen,DMA,43747,2688
1.FCKaiserslautern,AFG,43779,2324
1.FCKoeln,ALB,43779,2420
1.FCNuernberg,DZA,43779,1288
1.FCSaarbruecken,ASM,43779,202
1.FSVMainz05,AND,43779,218
1860Muenchen,AGO,43779,1022
1899Hoffenheim,ATG,43779,157
AlemanniaAachen,ARG,43779,186
ArminiaBielefeld,ARM,43779,645
Bayer04Leverkusen,ABW,43779,1816
BayerUerdingen,AUS,43779,644
BayernMuenchen,AUT,43779,3335
Blau-Wei§90Berlin,AZE,43779,36
BorussiaDortmund,BHS,43779,2545
BorussiaMoenchengladbach,BHR,43779,2526
BorussiaNeunkirchen,BGD,43779,109
Darmstadt98,BRB,43779,86
DynamoDresden,BLR,43779,132
EintrachtBraunschweig,BEL,43779,908
EintrachtFrankfurt,BLZ,43779,2296
EnergieCottbus,BEN,43779,211
FCAugsburg,BMU,43779,0
FCHomburg,BTN,43779,103
FCIngolstadt04,BOL,43779,0
FCSt.Pauli,BIH,43779,296
FortunaDuesseldorf,BWA,43779,1121
FortunaKoeln,BRA,43779,46
HamburgerSV,VGB,43779,2682
Hannover96,BRN,43779,1092
HansaRostock,BGR,43779,492
HerthaBSCBerlin,BFA,43779,1428
KarlsruherSC,BDI,43779,1093
KickersOffenbach,CPV,43779,368
MeidericherSV,KHM,43779,176
MSVDuisburg,CMR,43779,1115
Preu§enMuenster,CAN,43779,34
RBLeipzig,CYM,43779,0
Rot-Wei§Essen,CAF,43779,346
Rot-Wei§Oberhausen,TCD,43779,182
SCFreiburg,CHI,43779,513
SCPaderborn07,CHL,43779,31
Schalke04,CHN,43779,2121
SpVggGreutherFuerth,COL,43779,0
SpVggUnterhaching,COM,43779,75
SSVUlm,COD,43779,36
StuttgarterKickers,COG,43779,94
SVDarmstadt98,CRI,43779,0
TasmaniaBerlin,CIV,43779,15
TennisBorussiaBerlin,HRV,43779,85
VfBLeipzig,CUB,43779,32
VfBStuttgart,CUW,43779,2660
VfLBochum,CYP,43779,1602
VfLWolfsburg,CZE,43779,719
WaldhofMannheim,DNK,43779,299
Wattenscheid09,DJI,43779,186
WerderBremen,DMA,43779,2735
1.FCKaiserslautern,AFG,43810,2348
1.FCKoeln,ALB,43810,2459
1.FCNuernberg,DZA,43810,1326
1.FCSaarbruecken,ASM,43810,202
1.FSVMainz05,AND,43810,265
1860Muenchen,AGO,43810,1022
1899Hoffenheim,ATG,43810,198
AlemanniaAachen,ARG,43810,186
ArminiaBielefeld,ARM,43810,645
Bayer04Leverkusen,ABW,43810,1868
BayerUerdingen,AUS,43810,644
BayernMuenchen,AUT,43810,3412
Blau-Wei§90Berlin,AZE,43810,36
BorussiaDortmund,BHS,43810,2625
BorussiaMoenchengladbach,BHR,43810,2575
BorussiaNeunkirchen,BGD,43810,109
Darmstadt98,BRB,43810,86
DynamoDresden,BLR,43810,132
EintrachtBraunschweig,BEL,43810,908
EintrachtFrankfurt,BLZ,43810,2327
EnergieCottbus,BEN,43810,211
FCAugsburg,BMU,43810,36
FCHomburg,BTN,43810,103
FCIngolstadt04,BOL,43810,0
FCSt.Pauli,BIH,43810,296
FortunaDuesseldorf,BWA,43810,1121
FortunaKoeln,BRA,43810,46
HamburgerSV,VGB,43810,2717
Hannover96,BRN,43810,1133
HansaRostock,BGR,43810,492
HerthaBSCBerlin,BFA,43810,1466
KarlsruherSC,BDI,43810,1093
KickersOffenbach,CPV,43810,368
MeidericherSV,KHM,43810,176
MSVDuisburg,CMR,43810,1115
Preu§enMuenster,CAN,43810,34
RBLeipzig,CYM,43810,0
Rot-Wei§Essen,CAF,43810,346
Rot-Wei§Oberhausen,TCD,43810,182
SCFreiburg,CHI,43810,558
SCPaderborn07,CHL,43810,31
Schalke04,CHN,43810,2195
SpVggGreutherFuerth,COL,43810,26
SpVggUnterhaching,COM,43810,75
SSVUlm,COD,43810,36
StuttgarterKickers,COG,43810,94
SVDarmstadt98,CRI,43810,0
TasmaniaBerlin,CIV,43810,15
TennisBorussiaBerlin,HRV,43810,85
VfBLeipzig,CUB,43810,32
VfBStuttgart,CUW,43810,2723
VfLBochum,CYP,43810,1602
VfLWolfsburg,CZE,43810,766
WaldhofMannheim,DNK,43810,299
Wattenscheid09,DJI,43810,186
WerderBremen,DMA,43810,2784
1.FCKaiserslautern,AFG,41609,2348
1.FCKoeln,ALB,41609,2459
1.FCNuernberg,DZA,41609,1365
1.FCSaarbruecken,ASM,41609,202
1.FSVMainz05,AND,41609,307
1860Muenchen,AGO,41609,1022
1899Hoffenheim,ATG,41609,240
AlemanniaAachen,ARG,41609,186
ArminiaBielefeld,ARM,41609,645
Bayer04Leverkusen,ABW,41609,1933
BayerUerdingen,AUS,41609,644
BayernMuenchen,AUT,41609,3510
Blau-Wei§90Berlin,AZE,41609,36
BorussiaDortmund,BHS,41609,2706
BorussiaMoenchengladbach,BHR,41609,2620
BorussiaNeunkirchen,BGD,41609,109
Darmstadt98,BRB,41609,86
DynamoDresden,BLR,41609,132
EintrachtBraunschweig,BEL,41609,937
EintrachtFrankfurt,BLZ,41609,2376
EnergieCottbus,BEN,41609,211
FCAugsburg,BMU,41609,69
FCHomburg,BTN,41609,103
FCIngolstadt04,BOL,41609,0
FCSt.Pauli,BIH,41609,296
FortunaDuesseldorf,BWA,41609,1160
FortunaKoeln,BRA,41609,46
HamburgerSV,VGB,41609,2759
Hannover96,BRN,41609,1193
HansaRostock,BGR,41609,492
HerthaBSCBerlin,BFA,41609,1466
KarlsruherSC,BDI,41609,1093
KickersOffenbach,CPV,41609,368
MeidericherSV,KHM,41609,176
MSVDuisburg,CMR,41609,1115
Preu§enMuenster,CAN,41609,34
RBLeipzig,CYM,41609,0
Rot-Wei§Essen,CAF,41609,346
Rot-Wei§Oberhausen,TCD,41609,182
SCFreiburg,CHI,41609,603
SCPaderborn07,CHL,41609,31
Schalke04,CHN,41609,2253
SpVggGreutherFuerth,COL,41609,26
SpVggUnterhaching,COM,41609,75
SSVUlm,COD,41609,36
StuttgarterKickers,COG,41609,94
SVDarmstadt98,CRI,41609,0
TasmaniaBerlin,CIV,41609,15
TennisBorussiaBerlin,HRV,41609,85
VfBLeipzig,CUB,41609,32
VfBStuttgart,CUW,41609,2760
VfLBochum,CYP,41609,1602
VfLWolfsburg,CZE,41609,813
WaldhofMannheim,DNK,41609,299
Wattenscheid09,DJI,41609,186
WerderBremen,DMA,41609,2834
1.FCKaiserslautern,AFG,13/14,2348
1.FCKoeln,ALB,13/14,2459
1.FCNuernberg,DZA,13/14,1402
1.FCSaarbruecken,ASM,13/14,202
1.FSVMainz05,AND,13/14,359
1860Muenchen,AGO,13/14,1022
1899Hoffenheim,ATG,13/14,312
AlemanniaAachen,ARG,13/14,186
ArminiaBielefeld,ARM,13/14,645
Bayer04Leverkusen,ABW,13/14,1993
BayerUerdingen,AUS,13/14,644
BayernMuenchen,AUT,13/14,3604
Blau-Wei§90Berlin,AZE,13/14,36
BorussiaDortmund,BHS,13/14,2786
BorussiaMoenchengladbach,BHR,13/14,2679
BorussiaNeunkirchen,BGD,13/14,109
Darmstadt98,BRB,13/14,86
DynamoDresden,BLR,13/14,132
EintrachtBraunschweig,BEL,13/14,937
EintrachtFrankfurt,BLZ,13/14,2416
EnergieCottbus,BEN,13/14,211
FCAugsburg,BMU,13/14,116
FCHomburg,BTN,13/14,103
FCIngolstadt04,BOL,13/14,0
FCSt.Pauli,BIH,13/14,296
FortunaDuesseldorf,BWA,13/14,1160
FortunaKoeln,BRA,13/14,46
HamburgerSV,VGB,13/14,2810
Hannover96,BRN,13/14,1239
HansaRostock,BGR,13/14,492
HerthaBSCBerlin,BFA,13/14,1506
KarlsruherSC,BDI,13/14,1093
KickersOffenbach,CPV,13/14,368
MeidericherSV,KHM,13/14,176
MSVDuisburg,CMR,13/14,1115
Preu§enMuenster,CAN,13/14,34
RBLeipzig,CYM,13/14,0
Rot-Wei§Essen,CAF,13/14,346
Rot-Wei§Oberhausen,TCD,13/14,182
SCFreiburg,CHI,13/14,646
SCPaderborn07,CHL,13/14,31
Schalke04,CHN,13/14,2316
SpVggGreutherFuerth,COL,13/14,26
SpVggUnterhaching,COM,13/14,75
SSVUlm,COD,13/14,36
StuttgarterKickers,COG,13/14,94
SVDarmstadt98,CRI,13/14,0
TasmaniaBerlin,CIV,13/14,15
TennisBorussiaBerlin,HRV,13/14,85
VfBLeipzig,CUB,13/14,32
VfBStuttgart,CUW,13/14,2809
VfLBochum,CYP,13/14,1602
VfLWolfsburg,CZE,13/14,876
WaldhofMannheim,DNK,13/14,299
Wattenscheid09,DJI,13/14,186
WerderBremen,DMA,13/14,2876
1.FCKaiserslautern,AFG,14/15,2348
1.FCKoeln,ALB,14/15,2493
1.FCNuernberg,DZA,14/15,1402
1.FCSaarbruecken,ASM,14/15,202
1.FSVMainz05,AND,14/15,404
1860Muenchen,AGO,14/15,1022
1899Hoffenheim,ATG,14/15,361
AlemanniaAachen,ARG,14/15,186
ArminiaBielefeld,ARM,14/15,645
Bayer04Leverkusen,ABW,14/15,2055
BayerUerdingen,AUS,14/15,644
BayernMuenchen,AUT,14/15,3684
Blau-Wei§90Berlin,AZE,14/15,36
BorussiaDortmund,BHS,14/15,2833
BorussiaMoenchengladbach,BHR,14/15,2732
BorussiaNeunkirchen,BGD,14/15,109
Darmstadt98,BRB,14/15,86
DynamoDresden,BLR,14/15,132
EintrachtBraunschweig,BEL,14/15,937
EintrachtFrankfurt,BLZ,14/15,2472
EnergieCottbus,BEN,14/15,211
FCAugsburg,BMU,14/15,159
FCHomburg,BTN,14/15,103
FCIngolstadt04,BOL,14/15,0
FCSt.Pauli,BIH,14/15,296
FortunaDuesseldorf,BWA,14/15,1160
FortunaKoeln,BRA,14/15,46
HamburgerSV,VGB,14/15,2835
Hannover96,BRN,14/15,1279
HansaRostock,BGR,14/15,492
HerthaBSCBerlin,BFA,14/15,1542
KarlsruherSC,BDI,14/15,1093
KickersOffenbach,CPV,14/15,368
MeidericherSV,KHM,14/15,176
MSVDuisburg,CMR,14/15,1115
Preu§enMuenster,CAN,14/15,34
RBLeipzig,CYM,14/15,0
Rot-Wei§Essen,CAF,14/15,346
Rot-Wei§Oberhausen,TCD,14/15,182
SCFreiburg,CHI,14/15,682
SCPaderborn07,CHL,14/15,31
Schalke04,CHN,14/15,2358
SpVggGreutherFuerth,COL,14/15,26
SpVggUnterhaching,COM,14/15,75
SSVUlm,COD,14/15,36
StuttgarterKickers,COG,14/15,94
SVDarmstadt98,CRI,14/15,0
TasmaniaBerlin,CIV,14/15,15
TennisBorussiaBerlin,HRV,14/15,85
VfBLeipzig,CUB,14/15,32
VfBStuttgart,CUW,14/15,2851
VfLBochum,CYP,14/15,1602
VfLWolfsburg,CZE,14/15,948
WaldhofMannheim,DNK,14/15,299
Wattenscheid09,DJI,14/15,186
WerderBremen,DMA,14/15,2926
1.FCKaiserslautern,AFG,15/16,2348
1.FCKoeln,ALB,15/16,2531
1.FCNuernberg,DZA,15/16,1402
1.FCSaarbruecken,ASM,15/16,202
1.FSVMainz05,AND,15/16,450
1860Muenchen,AGO,15/16,1022
1899Hoffenheim,ATG,15/16,400
AlemanniaAachen,ARG,15/16,186
ArminiaBielefeld,ARM,15/16,645
Bayer04Leverkusen,ABW,15/16,2111
BayerUerdingen,AUS,15/16,644
BayernMuenchen,AUT,15/16,3764
Blau-Wei§90Berlin,AZE,15/16,36
BorussiaDortmund,BHS,15/16,2915
BorussiaMoenchengladbach,BHR,15/16,2799
BorussiaNeunkirchen,BGD,15/16,109
Darmstadt98,BRB,15/16,86
DynamoDresden,BLR,15/16,132
EintrachtBraunschweig,BEL,15/16,937
EintrachtFrankfurt,BLZ,15/16,2506
EnergieCottbus,BEN,15/16,211
FCAugsburg,BMU,15/16,201
FCHomburg,BTN,15/16,103
FCIngolstadt04,BOL,15/16,33
FCSt.Pauli,BIH,15/16,296
FortunaDuesseldorf,BWA,15/16,1160
FortunaKoeln,BRA,15/16,46
HamburgerSV,VGB,15/16,2875
Hannover96,BRN,15/16,1310
HansaRostock,BGR,15/16,492
HerthaBSCBerlin,BFA,15/16,1584
KarlsruherSC,BDI,15/16,1093
KickersOffenbach,CPV,15/16,368
MeidericherSV,KHM,15/16,176
MSVDuisburg,CMR,15/16,1115
Preu§enMuenster,CAN,15/16,34
RBLeipzig,CYM,15/16,0
Rot-Wei§Essen,CAF,15/16,346
Rot-Wei§Oberhausen,TCD,15/16,182
SCFreiburg,CHI,15/16,682
SCPaderborn07,CHL,15/16,31
Schalke04,CHN,15/16,2409
SpVggGreutherFuerth,COL,15/16,26
SpVggUnterhaching,COM,15/16,75
SSVUlm,COD,15/16,36
StuttgarterKickers,COG,15/16,94
SVDarmstadt98,CRI,15/16,38
TasmaniaBerlin,CIV,15/16,15
TennisBorussiaBerlin,HRV,15/16,85
VfBLeipzig,CUB,15/16,32
VfBStuttgart,CUW,15/16,2901
VfLBochum,CYP,15/16,1602
VfLWolfsburg,CZE,15/16,995
WaldhofMannheim,DNK,15/16,299
Wattenscheid09,DJI,15/16,186
WerderBremen,DMA,15/16,2976
1.FCKaiserslautern,AFG,16/17,2348
1.FCKoeln,ALB,16/17,2582
1.FCNuernberg,DZA,16/17,1402
1.FCSaarbruecken,ASM,16/17,202
1.FSVMainz05,AND,16/17,494
1860Muenchen,AGO,16/17,1022
1899Hoffenheim,ATG,16/17,464
AlemanniaAachen,ARG,16/17,186
ArminiaBielefeld,ARM,16/17,645
Bayer04Leverkusen,ABW,16/17,2164
BayerUerdingen,AUS,16/17,644
BayernMuenchen,AUT,16/17,3853
Blau-Wei§90Berlin,AZE,16/17,36
BorussiaDortmund,BHS,16/17,2987
BorussiaMoenchengladbach,BHR,16/17,2844
BorussiaNeunkirchen,BGD,16/17,109
Darmstadt98,BRB,16/17,86
DynamoDresden,BLR,16/17,132
EintrachtBraunschweig,BEL,16/17,937
EintrachtFrankfurt,BLZ,16/17,2542
EnergieCottbus,BEN,16/17,211
FCAugsburg,BMU,16/17,236
FCHomburg,BTN,16/17,103
FCIngolstadt04,BOL,16/17,69
FCSt.Pauli,BIH,16/17,296
FortunaDuesseldorf,BWA,16/17,1160
FortunaKoeln,BRA,16/17,46
HamburgerSV,VGB,16/17,2908
Hannover96,BRN,16/17,1310
HansaRostock,BGR,16/17,492
HerthaBSCBerlin,BFA,16/17,1627
KarlsruherSC,BDI,16/17,1093
KickersOffenbach,CPV,16/17,368
MeidericherSV,KHM,16/17,176
MSVDuisburg,CMR,16/17,1115
Preu§enMuenster,CAN,16/17,34
RBLeipzig,CYM,16/17,66
Rot-Wei§Essen,CAF,16/17,346
Rot-Wei§Oberhausen,TCD,16/17,182
SCFreiburg,CHI,16/17,724
SCPaderborn07,CHL,16/17,31
Schalke04,CHN,16/17,2454
SpVggGreutherFuerth,COL,16/17,26
SpVggUnterhaching,COM,16/17,75
SSVUlm,COD,16/17,36
StuttgarterKickers,COG,16/17,94
SVDarmstadt98,CRI,16/17,66
TasmaniaBerlin,CIV,16/17,15
TennisBorussiaBerlin,HRV,16/17,85
VfBLeipzig,CUB,16/17,32
VfBStuttgart,CUW,16/17,2937
VfLBochum,CYP,16/17,1602
VfLWolfsburg,CZE,16/17,1029
WaldhofMannheim,DNK,16/17,299
Wattenscheid09,DJI,16/17,186
WerderBremen,DMA,16/17,3037
1.FCKaiserslautern,AFG,17/18,2348
1.FCKoeln,ALB,17/18,2617
1.FCNuernberg,DZA,17/18,1402
1.FCSaarbruecken,ASM,17/18,202
1.FSVMainz05,AND,17/18,532
1860Muenchen,AGO,17/18,1022
1899Hoffenheim,ATG,17/18,530
AlemanniaAachen,ARG,17/18,186
ArminiaBielefeld,ARM,17/18,645
Bayer04Leverkusen,ABW,17/18,2222
BayerUerdingen,AUS,17/18,644
BayernMuenchen,AUT,17/18,3945
Blau-Wei§90Berlin,AZE,17/18,36
BorussiaDortmund,BHS,17/18,3051
BorussiaMoenchengladbach,BHR,17/18,2891
BorussiaNeunkirchen,BGD,17/18,109
Darmstadt98,BRB,17/18,86
DynamoDresden,BLR,17/18,132
EintrachtBraunschweig,BEL,17/18,937
EintrachtFrankfurt,BLZ,17/18,2587
EnergieCottbus,BEN,17/18,211
FCAugsburg,BMU,17/18,279
FCHomburg,BTN,17/18,103
FCIngolstadt04,BOL,17/18,69
FCSt.Pauli,BIH,17/18,296
FortunaDuesseldorf,BWA,17/18,1160
FortunaKoeln,BRA,17/18,46
HamburgerSV,VGB,17/18,2937
Hannover96,BRN,17/18,1354
HansaRostock,BGR,17/18,492
HerthaBSCBerlin,BFA,17/18,1670
KarlsruherSC,BDI,17/18,1093
KickersOffenbach,CPV,17/18,368
MeidericherSV,KHM,17/18,176
MSVDuisburg,CMR,17/18,1115
Preu§enMuenster,CAN,17/18,34
RBLeipzig,CYM,17/18,123
Rot-Wei§Essen,CAF,17/18,346
Rot-Wei§Oberhausen,TCD,17/18,182
SCFreiburg,CHI,17/18,756
SCPaderborn07,CHL,17/18,31
Schalke04,CHN,17/18,2507
SpVggGreutherFuerth,COL,17/18,26
SpVggUnterhaching,COM,17/18,75
SSVUlm,COD,17/18,36
StuttgarterKickers,COG,17/18,94
SVDarmstadt98,CRI,17/18,66
TasmaniaBerlin,CIV,17/18,15
TennisBorussiaBerlin,HRV,17/18,85
VfBLeipzig,CUB,17/18,32
VfBStuttgart,CUW,17/18,2969
VfLBochum,CYP,17/18,1602
VfLWolfsburg,CZE,17/18,1065
WaldhofMannheim,DNK,17/18,299
Wattenscheid09,DJI,17/18,186
WerderBremen,DMA,17/18,3074
1.FCKaiserslautern,AFG,18/19,2348
1.FCKoeln,ALB,18/19,2617
1.FCNuernberg,DZA,18/19,1428
1.FCSaarbruecken,ASM,18/19,202
1.FSVMainz05,AND,18/19,578
1860Muenchen,AGO,18/19,1022
1899Hoffenheim,ATG,18/19,600
AlemanniaAachen,ARG,18/19,186
ArminiaBielefeld,ARM,18/19,645
Bayer04Leverkusen,ABW,18/19,2291
BayerUerdingen,AUS,18/19,644
BayernMuenchen,AUT,18/19,4033
Blau-Wei§90Berlin,AZE,18/19,36
BorussiaDortmund,BHS,18/19,3132
BorussiaMoenchengladbach,BHR,18/19,2946
BorussiaNeunkirchen,BGD,18/19,109
Darmstadt98,BRB,18/19,86
DynamoDresden,BLR,18/19,132
EintrachtBraunschweig,BEL,18/19,937
EintrachtFrankfurt,BLZ,18/19,2647
EnergieCottbus,BEN,18/19,211
FCAugsburg,BMU,18/19,330
FCHomburg,BTN,18/19,103
FCIngolstadt04,BOL,18/19,69
FCSt.Pauli,BIH,18/19,296
FortunaDuesseldorf,BWA,18/19,1209
FortunaKoeln,BRA,18/19,46
HamburgerSV,VGB,18/19,2937
Hannover96,BRN,18/19,1385
HansaRostock,BGR,18/19,492
HerthaBSCBerlin,BFA,18/19,1719
KarlsruherSC,BDI,18/19,1093
KickersOffenbach,CPV,18/19,368
MeidericherSV,KHM,18/19,176
MSVDuisburg,CMR,18/19,1115
Preu§enMuenster,CAN,18/19,34
RBLeipzig,CYM,18/19,186
Rot-Wei§Essen,CAF,18/19,346
Rot-Wei§Oberhausen,TCD,18/19,182
SCFreiburg,CHI,18/19,802
SCPaderborn07,CHL,18/19,31
Schalke04,CHN,18/19,2544
SpVggGreutherFuerth,COL,18/19,26
SpVggUnterhaching,COM,18/19,75
SSVUlm,COD,18/19,36
StuttgarterKickers,COG,18/19,94
SVDarmstadt98,CRI,18/19,66
TasmaniaBerlin,CIV,18/19,15
TennisBorussiaBerlin,HRV,18/19,85
VfBLeipzig,CUB,18/19,32
VfBStuttgart,CUW,18/19,2969
VfLBochum,CYP,18/19,1602
VfLWolfsburg,CZE,18/19,1127
WaldhofMannheim,DNK,18/19,299
Wattenscheid09,DJI,18/19,186
WerderBremen,DMA,18/19,3132